ID,Time,Longitude,Latitude,Status
22396,00:00:29,113.996719,22.693333,1
22396,00:01:01,113.995514,22.695032,1
22396,00:01:09,113.99543,22.695766,1
22396,00:01:41,113.995369,22.696484,1
22396,00:02:21,113.99543,22.69665,1
22396,00:03:01,113.994934,22.697884,0
22396,00:03:41,113.992683,22.69735,0
22396,00:04:21,113.992348,22.696733,0
22396,00:05:01,113.992996,22.693632,0
22396,00:05:41,113.98925,22.693083,0
22396,00:06:21,113.986366,22.691,0
22396,00:07:41,113.988747,22.68545,0
22396,00:08:21,113.989586,22.681749,0
22396,00:09:01,113.986015,22.681583,0
22396,00:09:41,113.986481,22.680332,0
22396,00:10:21,113.988297,22.676416,0
22396,00:11:01,113.9916,22.677517,0
22396,00:11:09,113.992149,22.677317,0
22396,00:11:41,113.993401,22.674368,0
22396,00:11:49,113.993446,22.674217,0
22396,00:12:21,113.993446,22.674232,0
22396,00:13:01,113.994049,22.6726,0
22396,00:13:41,113.996902,22.6696,0
22396,00:14:21,114.00013,22.666767,0
22396,00:14:29,114.000801,22.666166,0
22396,00:15:01,114.002518,22.662399,0
22396,00:15:09,114.002869,22.661551,0
22396,00:16:21,114.002968,22.661449,0
22396,00:17:01,114.006233,22.660967,0
22396,00:17:09,114.007202,22.66095,0
22396,00:17:41,114.007698,22.660883,0
22396,00:18:21,114.00782,22.660883,0
22396,00:19:01,114.010864,22.663033,0
22396,00:19:41,114.013016,22.664818,1
22396,00:19:49,114.01403,22.665483,1
22396,00:21:01,114.018898,22.6625,1
22396,00:21:41,114.019348,22.6623,1
22396,00:22:21,114.020615,22.663366,1
22396,00:23:01,114.0214,22.663918,0
22396,00:23:41,114.023148,22.6651,0
22396,00:24:21,114.024414,22.665367,0
22396,00:25:01,114.027115,22.6621,0
22396,00:25:41,114.024551,22.659834,0
22396,00:26:21,114.022797,22.658367,0
22396,00:26:29,114.022797,22.658367,0
22396,00:27:01,114.022781,22.658367,0
22396,00:27:09,114.022766,22.658367,0
22396,00:28:21,114.025681,22.660017,0
22396,00:29:01,114.028732,22.6607,0
22396,00:29:41,114.029503,22.658632,0
22396,00:30:21,114.026848,22.656668,0
22396,00:31:01,114.025314,22.655533,0
22396,00:31:09,114.025299,22.655518,0
22396,00:31:41,114.0233,22.657417,0
22396,00:31:49,114.02282,22.657949,0
22396,00:32:21,114.02272,22.657984,0
22396,00:33:01,114.020752,22.656933,0
22396,00:33:41,114.018997,22.655567,0
22396,00:33:49,114.018967,22.6556,0
22396,00:35:01,114.016266,22.653851,0
22396,00:35:09,114.015984,22.653517,0
22396,00:35:41,114.013382,22.651699,0
22396,00:36:21,114.013535,22.651133,0
22396,00:37:01,114.01577,22.648518,0
22396,00:37:41,114.018333,22.646549,0
22396,00:37:49,114.018333,22.646566,0
22396,00:38:21,114.019997,22.646168,0
22396,00:39:01,114.023567,22.645933,0
22396,00:39:41,114.022499,22.642384,0
22396,00:40:21,114.022186,22.6416,0
22396,00:40:29,114.022186,22.641582,0
22396,00:41:01,114.021667,22.6399,0
22396,00:41:09,114.021599,22.639668,0
22396,00:41:51,114.021767,22.6402,1
22396,00:42:21,114.023285,22.641033,1
22396,00:43:44,114.02607,22.640266,0
22396,00:44:24,114.027046,22.643032,0
22396,00:45:04,114.029701,22.644117,0
22396,00:45:44,114.028099,22.645082,1
22396,00:46:24,114.031799,22.648434,1
22396,00:47:04,114.030464,22.649918,1
22396,00:47:44,114.03038,22.650017,0
22396,00:49:04,114.031464,22.648867,0
22396,00:49:44,114.032585,22.648283,0
22396,00:50:24,114.035583,22.647301,0
22396,00:50:32,114.035583,22.647318,0
22396,00:51:04,114.035599,22.647318,0
22396,00:51:12,114.035599,22.647301,0
22396,00:51:44,114.037132,22.646784,0
22396,00:51:52,114.037949,22.646482,0
22396,00:52:24,114.039703,22.644983,0
22396,00:53:04,114.038818,22.642517,0
22396,00:53:12,114.038582,22.642117,0
22396,00:53:44,114.038353,22.641968,0
22396,00:53:52,114.038231,22.6418,0
22396,00:55:04,114.03373,22.642799,0
22396,00:55:44,114.03318,22.64205,0
22396,00:56:24,114.031883,22.638451,0
22396,00:57:04,114.032066,22.634783,0
22396,00:57:12,114.03212,22.634632,0
22396,00:57:44,114.032219,22.634684,0
22396,00:57:52,114.032219,22.634684,0
22396,00:59:04,114.032318,22.630899,0
22396,00:59:44,114.032249,22.630133,0
22396,01:00:24,114.03373,22.627199,0
22396,01:00:32,114.033951,22.626633,0
22396,01:01:04,114.034882,22.6238,0
22396,01:01:44,114.035767,22.620533,0
22396,01:02:24,114.036797,22.617367,0
22396,01:05:06,114.034882,22.61635,0
22396,01:05:46,114.034851,22.616318,0
22396,01:06:26,114.034836,22.616301,0
22396,01:07:06,114.034882,22.616333,0
22396,01:07:46,114.034851,22.61635,0
22396,01:08:26,114.034897,22.616301,1
22396,01:09:06,114.0364,22.617067,1
22396,01:09:46,114.036484,22.618683,1
22396,01:10:26,114.035164,22.622499,1
22396,01:11:06,114.034431,22.624901,1
22396,01:11:46,114.033432,22.627968,1
22396,01:12:26,114.032166,22.63205,1
22396,01:13:06,114.032249,22.6339,1
22396,01:13:46,114.031937,22.635233,1
22396,01:14:26,114.032417,22.64015,1
22396,01:15:06,114.033485,22.642733,1
22396,01:15:46,114.034836,22.64525,1
22396,01:15:54,114.034866,22.645218,1
22396,01:16:26,114.035065,22.6458,1
22396,01:16:34,114.035614,22.646717,0
22396,01:17:06,114.038254,22.646299,0
22396,01:17:46,114.039932,22.645733,0
22396,01:18:26,114.0401,22.645718,0
22396,01:19:06,114.042267,22.644917,0
22396,01:19:46,114.042297,22.644934,0
22396,01:19:54,114.042648,22.644751,0
22396,01:20:26,114.045898,22.643267,0
22396,01:25:26,114.046021,22.641968,0
22396,01:25:34,114.045998,22.641951,0
22396,01:26:06,114.046021,22.641251,1
22396,01:26:46,114.046219,22.63835,1
22396,01:27:26,114.052116,22.636984,1
22396,01:27:34,114.053284,22.636433,1
22396,01:28:06,114.056564,22.636517,1
22396,01:28:46,114.058136,22.637533,1
22396,01:29:26,114.061249,22.63875,1
22396,01:30:06,114.06395,22.635851,1
22396,01:30:46,114.06488,22.633301,1
22396,01:31:26,114.064934,22.63335,1
22396,01:32:06,114.064766,22.635834,1
22396,01:32:46,114.065414,22.635082,1
22396,01:33:26,114.066452,22.63415,1
22396,01:34:06,114.066437,22.635201,1
22396,01:34:48,114.066048,22.636183,0
22396,01:35:28,114.065216,22.636032,0
22396,01:36:08,114.063431,22.636917,0
22396,01:36:48,114.062714,22.638817,0
22396,01:37:28,114.062698,22.638832,0
22396,01:38:08,114.060364,22.638767,0
22396,01:38:16,114.059502,22.638451,0
22396,01:39:28,114.056099,22.636351,0
22396,01:39:36,114.055885,22.636232,0
22396,01:40:48,114.052414,22.637033,0
22396,01:41:28,114.048332,22.638166,0
22396,01:42:08,114.045815,22.639767,0
22396,01:42:48,114.045914,22.643101,0
22396,01:43:28,114.042664,22.644833,0
22396,01:44:08,114.040337,22.646217,0
22396,01:44:48,114.041817,22.649317,0
22396,01:45:28,114.042503,22.650433,0
22396,01:46:08,114.042015,22.650999,0
22396,01:46:48,114.038147,22.651583,0
22396,01:47:28,114.035881,22.647516,0
22396,01:48:08,114.032486,22.648483,0
22396,01:48:48,114.032303,22.648518,0
22396,01:49:28,114.02858,22.64575,1
22396,01:50:08,114.027802,22.6451,1
22396,01:50:48,114.027931,22.644751,1
22396,01:51:28,114.032982,22.643118,1
22396,01:51:36,114.033432,22.642866,1
22396,01:52:48,114.03302,22.640667,0
22396,01:52:56,114.033066,22.640633,0
22396,01:53:28,114.0327,22.63995,0
22396,01:54:08,114.031914,22.635683,0
22396,01:54:48,114.032082,22.634483,0
22396,01:55:28,114.032097,22.634501,0
22396,01:56:08,114.032265,22.632383,0
22396,01:56:16,114.032166,22.631367,0
22396,01:57:28,114.033066,22.628782,0
22396,01:57:36,114.033363,22.627968,0
22396,01:58:08,114.034485,22.624468,0
22396,01:58:48,114.035851,22.620068,0
22396,01:59:28,114.035919,22.6168,0
22396,02:00:08,114.032982,22.61525,0
22396,02:00:48,114.029984,22.618151,0
22396,02:01:28,114.029617,22.618883,1
22396,02:02:08,114.027885,22.623516,1
22396,02:02:48,114.026398,22.628317,1
22396,02:03:28,114.025719,22.630449,1
22396,02:04:08,114.025284,22.632217,1
22396,02:04:48,114.024597,22.635933,1
22396,02:05:28,114.024765,22.637449,1
22396,02:06:08,114.027184,22.643566,1
22396,02:06:48,114.027969,22.645132,1
22396,02:07:28,114.028214,22.6453,1
22396,02:08:08,114.028282,22.645317,1
22396,02:08:48,114.02832,22.645367,1
22396,02:09:36,114.031868,22.648434,1
22396,02:10:48,114.031799,22.648466,1
22396,02:11:28,114.031281,22.649218,1
22396,02:12:08,114.031265,22.649233,1
22396,02:12:48,114.031281,22.649233,1
22396,02:13:28,114.028847,22.650999,0
22396,02:14:48,114.022835,22.658199,0
22396,02:15:28,114.024651,22.659433,0
22396,02:16:08,114.024734,22.659634,0
22396,02:16:48,114.023102,22.658817,1
22396,02:17:28,114.020065,22.661133,1
22396,02:18:08,114.01683,22.665882,1
22396,02:18:48,114.021553,22.6691,1
22396,02:19:28,114.024597,22.671249,1
22396,02:20:08,114.026352,22.67255,1
22396,02:20:16,114.026619,22.672768,1
22396,02:21:28,114.029182,22.674667,1
22396,02:22:08,114.031448,22.67765,1
22396,02:22:48,114.033669,22.682301,1
22396,02:23:28,114.035049,22.688482,1
22396,02:24:08,114.035767,22.694349,1
22396,02:24:48,114.035782,22.6933,1
22396,02:25:28,114.0354,22.690767,0
22396,02:26:08,114.034164,22.685383,0
22396,02:26:16,114.033882,22.684067,0
22396,02:27:28,114.031364,22.678101,0
22396,02:28:08,114.031281,22.677584,0
22396,02:28:48,114.028999,22.675266,0
22396,02:28:56,114.028664,22.675068,0
22396,02:30:08,114.025146,22.674534,1
22396,02:30:48,114.023483,22.674299,1
22396,02:30:56,114.023384,22.674316,1
22396,02:31:28,114.024429,22.671949,1
22396,02:32:08,114.021416,22.668983,1
22396,02:32:48,114.017166,22.666384,1
22396,02:33:28,114.012817,22.664867,1
22396,02:34:08,114.011414,22.663868,1
22396,02:34:48,114.009468,22.662201,1
22396,02:35:28,114.004036,22.661118,1
22396,02:36:08,114.000198,22.66185,1
22396,02:36:16,113.998917,22.662251,1
22396,02:36:48,113.99543,22.664351,1
22396,02:36:56,113.994286,22.665333,1
22396,02:37:28,113.989304,22.669483,1
22396,02:37:36,113.987648,22.670549,1
22396,02:38:48,113.974533,22.680117,1
22396,02:39:28,113.968636,22.684168,1
22396,02:39:29,113.968636,22.684168,1
22396,02:39:30,113.968636,22.684168,1
22396,02:39:31,113.968636,22.684168,1
22396,02:40:55,113.954964,22.686899,0
22396,02:40:56,113.954964,22.686899,0
22396,02:40:57,113.954964,22.686899,0
22396,02:40:58,113.954964,22.686899,0
22396,02:41:37,113.951286,22.689333,0
22396,02:41:38,113.951286,22.689333,0
22396,02:41:39,113.951286,22.689333,0
22396,02:41:40,113.951286,22.689333,0
22396,02:42:17,113.947449,22.686016,0
22396,02:42:18,113.947449,22.686016,0
22396,02:42:19,113.947449,22.686016,0
22396,02:42:20,113.947449,22.686016,0
22396,02:42:54,113.942734,22.683718,0
22396,02:42:55,113.942734,22.683718,0
22396,02:42:56,113.942734,22.683718,0
22396,02:42:57,113.942734,22.683718,0
22396,02:43:37,113.94178,22.682833,0
22396,02:43:38,113.94178,22.682833,0
22396,02:43:39,113.94178,22.682833,0
22396,02:43:40,113.94178,22.682833,0
22396,02:44:17,113.941902,22.681168,0
22396,02:44:18,113.941902,22.681168,0
22396,02:44:19,113.941902,22.681168,0
22396,02:44:20,113.941902,22.681168,0
22396,02:44:54,113.94075,22.680901,0
22396,02:44:55,113.94075,22.680901,0
22396,02:44:56,113.94075,22.680901,0
22396,02:44:57,113.94075,22.680901,0
22396,02:45:37,113.940598,22.680067,0
22396,02:45:38,113.940598,22.680067,0
22396,02:45:39,113.940598,22.680067,0
22396,02:45:40,113.940598,22.680067,0
22396,02:46:17,113.938835,22.679382,0
22396,02:46:18,113.938835,22.679382,0
22396,02:46:19,113.938835,22.679382,0
22396,02:46:20,113.938835,22.679382,0
22396,02:46:54,113.938049,22.679434,0
22396,02:46:55,113.938049,22.679434,0
22396,02:46:56,113.938049,22.679434,0
22396,02:46:57,113.938049,22.679434,0
22396,02:47:37,113.937149,22.6791,0
22396,02:47:38,113.937149,22.6791,0
22396,02:47:39,113.937149,22.6791,0
22396,02:47:40,113.937149,22.6791,0
22396,02:48:17,113.936699,22.68005,0
22396,02:48:18,113.936699,22.68005,0
22396,02:48:19,113.936699,22.68005,0
22396,02:48:20,113.936699,22.68005,0
22396,02:48:54,113.936783,22.6819,0
22396,02:48:55,113.936783,22.6819,0
22396,02:48:56,113.936783,22.6819,0
22396,02:48:57,113.936783,22.6819,0
22396,02:49:37,113.936752,22.68285,0
22396,02:49:38,113.936752,22.68285,0
22396,02:49:39,113.936752,22.68285,0
22396,02:49:40,113.936752,22.68285,0
22396,02:50:17,113.938202,22.683167,0
22396,02:50:18,113.938202,22.683167,0
22396,02:50:19,113.938202,22.683167,0
22396,02:50:20,113.938202,22.683167,0
22396,02:50:54,113.944054,22.683767,0
22396,02:50:55,113.944054,22.683767,0
22396,02:50:56,113.944054,22.683767,0
22396,02:50:57,113.944054,22.683767,0
22396,02:51:37,113.947701,22.685766,0
22396,02:51:38,113.947701,22.685766,0
22396,02:51:39,113.947701,22.685766,0
22396,02:51:40,113.947701,22.685766,0
22396,02:52:17,113.949799,22.688618,0
22396,02:52:18,113.949799,22.688618,0
22396,02:52:19,113.949799,22.688618,0
22396,02:52:20,113.949799,22.688618,0
22396,02:52:54,113.9524,22.68915,0
22396,02:52:55,113.9524,22.68915,0
22396,02:52:56,113.9524,22.68915,0
22396,02:52:57,113.9524,22.68915,0
22396,02:53:37,113.957581,22.686666,0
22396,02:53:38,113.957581,22.686666,0
22396,02:53:39,113.957581,22.686666,0
22396,02:53:40,113.957581,22.686666,0
22396,02:54:17,113.96225,22.685101,0
22396,02:54:18,113.96225,22.685101,0
22396,02:54:19,113.96225,22.685101,0
22396,02:54:20,113.96225,22.685101,0
22396,02:57:04,113.984314,22.672318,0
22396,02:57:44,113.98645,22.674168,0
22396,02:58:24,113.988068,22.676083,0
22396,02:59:04,113.988014,22.676117,0
22396,02:59:44,113.990829,22.67725,0
22396,03:00:24,113.995316,22.679367,0
22396,03:01:04,113.997231,22.676132,0
22396,03:01:44,113.998032,22.6747,0
22396,03:02:24,114.002197,22.675383,0
22396,03:03:04,114.005783,22.676683,0
22396,03:03:44,114.008965,22.674982,0
22396,03:04:24,114.012535,22.672167,0
22396,03:05:04,114.014687,22.6689,0
22396,03:05:44,114.015785,22.667183,0
22396,03:06:24,114.016365,22.666349,0
22396,03:07:04,114.016716,22.665783,0
22396,03:07:44,114.018585,22.663,0
22396,03:08:24,114.020714,22.66025,0
22396,03:09:04,114.022003,22.657867,0
22396,03:09:44,114.01963,22.656218,0
22396,03:10:24,114.018814,22.655617,0
22396,03:11:04,114.021896,22.65765,0
22396,03:11:44,114.022514,22.657917,0
22396,03:12:24,114.025131,22.659767,0
22396,03:13:04,114.028152,22.661234,0
22396,03:13:44,114.030151,22.659367,0
22396,03:14:24,114.033333,22.656633,0
22396,03:15:04,114.035416,22.654818,0
22396,03:15:44,114.035385,22.654833,0
22396,03:16:24,114.035667,22.654583,0
22396,03:17:04,114.037933,22.652582,0
22396,03:17:44,114.036781,22.649067,0
22396,03:18:24,114.036331,22.64715,0
22396,03:19:04,114.039917,22.645567,0
22396,03:19:44,114.038315,22.642151,0
22396,03:19:52,114.037933,22.641832,0
22396,03:20:24,114.034119,22.642851,0
22396,03:21:04,114.035515,22.646532,0
22396,03:21:12,114.03582,22.647083,0
22396,03:21:44,114.035835,22.647118,0
22396,03:21:52,114.035866,22.647182,0
22396,03:22:24,114.033051,22.6483,0
22396,03:22:32,114.032417,22.648518,0
22396,03:23:04,114.032349,22.648567,0
22396,03:23:44,114.030952,22.649433,0
22396,03:24:24,114.028297,22.651501,0
22396,03:25:04,114.027802,22.652033,0
22396,03:25:52,114.026131,22.656418,0
22396,03:27:04,114.0299,22.659666,0
22396,03:27:44,114.027679,22.6616,0
22396,03:28:24,114.027702,22.661617,0
22396,03:29:04,114.026901,22.662132,0
22396,03:34:44,114.026466,22.661766,0
22396,03:34:52,114.026421,22.66165,0
22396,03:37:08,114.026382,22.66135,0
22396,03:37:24,114.026283,22.661051,0
22396,03:38:04,114.023819,22.659367,0
22396,03:38:44,114.02195,22.658001,0
22396,03:39:24,114.019783,22.656384,0
22396,03:39:32,114.019798,22.656366,0
22396,03:40:04,114.019516,22.656099,0
22396,03:40:43,114.01712,22.654583,0
22396,03:41:23,114.016296,22.653683,0
22396,03:42:03,114.012421,22.651068,0
22396,03:42:11,114.011482,22.650499,0
22396,03:43:23,114.010452,22.649668,0
22396,03:44:03,114.006767,22.650118,0
22396,03:44:43,114.003365,22.654949,0
22396,03:45:23,113.999763,22.659883,0
22396,03:46:03,113.995171,22.664551,0
22396,03:46:11,113.994301,22.665333,0
22396,03:46:43,113.989754,22.669167,0
22396,03:47:23,113.982452,22.673599,0
22396,03:48:03,113.976166,22.678368,0
22396,03:48:43,113.971451,22.683933,0
22396,03:49:23,113.967834,22.69075,0
22396,03:49:24,113.967834,22.69075,0
22396,03:49:25,113.967834,22.69075,0
22396,03:49:26,113.967834,22.69075,0
22396,03:50:03,113.96553,22.688133,0
22396,03:50:04,113.96553,22.688133,0
22396,03:50:05,113.96553,22.688133,0
22396,03:50:06,113.96553,22.688133,0
22396,03:50:43,113.962463,22.685118,0
22396,03:50:44,113.962463,22.685118,0
22396,03:50:45,113.962463,22.685118,0
22396,03:50:46,113.962463,22.685118,0
22396,03:51:23,113.953949,22.682516,0
22396,03:51:24,113.953949,22.682516,0
22396,03:51:25,113.953949,22.682516,0
22396,03:51:26,113.953949,22.682516,0
22396,03:52:03,113.945419,22.677299,0
22396,03:52:04,113.945419,22.677299,0
22396,03:52:05,113.945419,22.677299,0
22396,03:52:06,113.945419,22.677299,0
22396,03:52:43,113.936386,22.671534,0
22396,03:52:44,113.936386,22.671534,0
22396,03:52:45,113.936386,22.671534,0
22396,03:52:46,113.936386,22.671534,0
22396,03:53:23,113.927902,22.666018,0
22396,03:53:24,113.927902,22.666018,0
22396,03:53:25,113.927902,22.666018,0
22396,03:53:26,113.927902,22.666018,0
22396,03:54:03,113.919617,22.659651,0
22396,03:54:04,113.919617,22.659651,0
22396,03:54:05,113.919617,22.659651,0
22396,03:54:06,113.919617,22.659651,0
22396,03:54:11,113.91748,22.659166,0
22396,03:54:12,113.91748,22.659166,0
22396,03:54:13,113.91748,22.659166,0
22396,03:54:14,113.91748,22.659166,0
22396,03:55:23,113.916199,22.660868,0
22396,03:55:24,113.916199,22.660868,0
22396,03:55:25,113.916199,22.660868,0
22396,03:55:26,113.916199,22.660868,0
22396,03:56:03,113.917549,22.658234,0
22396,03:56:04,113.917549,22.658234,0
22396,03:56:05,113.917549,22.658234,0
22396,03:56:06,113.917549,22.658234,0
22396,03:56:43,113.914932,22.6525,0
22396,03:56:44,113.914932,22.6525,0
22396,03:56:45,113.914932,22.6525,0
22396,03:56:46,113.914932,22.6525,0
22396,03:57:23,113.919014,22.645901,0
22396,03:57:24,113.919014,22.645901,0
22396,03:57:25,113.919014,22.645901,0
22396,03:57:26,113.919014,22.645901,0
22396,03:58:03,113.920166,22.64325,0
22396,03:58:04,113.920166,22.64325,0
22396,03:58:05,113.920166,22.64325,0
22396,03:58:06,113.920166,22.64325,0
22396,03:58:43,113.921082,22.641466,0
22396,03:58:44,113.921082,22.641466,0
22396,03:58:45,113.921082,22.641466,0
22396,03:58:46,113.921082,22.641466,0
22396,03:59:23,113.921097,22.634518,0
22396,03:59:24,113.921097,22.634518,0
22396,03:59:25,113.921097,22.634518,0
22396,03:59:26,113.921097,22.634518,0
22396,04:00:03,113.920937,22.625084,0
22396,04:00:04,113.920937,22.625084,0
22396,04:00:05,113.920937,22.625084,0
22396,04:00:06,113.920937,22.625084,0
22396,04:00:43,113.920799,22.617916,0
22396,04:00:44,113.920799,22.617916,0
22396,04:00:45,113.920799,22.617916,0
22396,04:00:46,113.920799,22.617916,0
22396,04:01:23,113.920753,22.61475,0
22396,04:01:24,113.920753,22.61475,0
22396,04:01:25,113.920753,22.61475,0
22396,04:01:26,113.920753,22.61475,0
22396,04:02:03,113.920082,22.606567,0
22396,04:02:04,113.920082,22.606567,0
22396,04:02:05,113.920082,22.606567,0
22396,04:02:06,113.920082,22.606567,0
22396,04:02:43,113.916084,22.598949,0
22396,04:03:23,113.914597,22.592733,0
22396,04:04:03,113.912819,22.588682,0
22396,04:04:43,113.906952,22.587601,0
22396,04:05:23,113.903503,22.586317,0
22396,04:05:31,113.902664,22.585699,0
22396,04:06:03,113.899071,22.58465,0
22396,04:06:43,113.89872,22.584801,0
22396,04:07:23,113.898766,22.584801,0
22396,04:08:11,113.897217,22.583332,0
22396,04:09:23,113.89135,22.580017,0
22396,04:10:11,113.887497,22.583918,0
22396,04:11:23,113.882469,22.585449,0
22396,04:12:03,113.882446,22.585432,0
22396,04:12:43,113.882446,22.585466,0
22396,04:13:23,113.882065,22.585133,0
22396,04:14:03,113.882133,22.583134,0
22396,04:14:43,113.884567,22.581232,0
22396,04:15:23,113.882866,22.578283,0
22396,04:16:05,113.878571,22.57465,0
22396,04:16:45,113.878571,22.574682,0
22396,04:17:25,113.875565,22.572018,0
22396,04:18:05,113.87558,22.572033,0
22396,04:18:45,113.871597,22.568733,0
22396,04:19:25,113.870415,22.567699,0
22396,04:20:05,113.868217,22.565332,0
22396,04:20:45,113.868317,22.565651,0
22396,04:21:25,113.868332,22.565651,0
22396,04:22:05,113.868286,22.565683,0
22396,04:22:45,113.868233,22.565317,0
22396,04:23:25,113.870621,22.567284,0
22396,04:24:05,113.874451,22.570766,0
22396,04:24:45,113.875069,22.571583,0
22396,04:25:25,113.876717,22.573,0
22396,04:26:05,113.878349,22.574318,0
22396,04:26:45,113.878418,22.57435,0
22396,04:27:25,113.882751,22.578133,0
22396,04:28:05,113.885269,22.580282,0
22396,04:28:45,113.885246,22.580233,0
22396,04:29:25,113.886147,22.581051,0
22396,04:30:13,113.888084,22.582767,1
22396,04:31:25,113.88765,22.583668,1
22396,04:32:05,113.884537,22.586866,1
22396,04:32:45,113.884537,22.586832,1
22396,04:33:25,113.882065,22.589268,1
22396,04:34:05,113.879082,22.592266,1
22396,04:34:45,113.879097,22.592251,1
22396,04:35:25,113.877518,22.593782,1
22396,04:36:05,113.874046,22.5973,1
22396,04:36:45,113.873947,22.597401,1
22396,04:36:53,113.87352,22.597834,1
22396,04:38:48,113.85923,22.612034,0
22396,04:39:28,113.856148,22.6175,0
22396,04:40:08,113.856735,22.6227,0
22396,04:40:48,113.8592,22.629368,0
22396,04:41:28,113.859566,22.631849,0
22396,04:42:08,113.860313,22.635233,0
22396,04:42:48,113.860283,22.636801,0
22396,04:43:36,113.859818,22.641582,0
22396,04:44:48,113.858864,22.6548,0
22396,04:46:55,113.863403,22.665333,0
22396,04:47:35,113.870186,22.669582,0
22396,04:48:15,113.875816,22.670334,0
22396,04:48:55,113.881447,22.671217,0
22396,04:48:56,113.881447,22.671217,0
22396,04:48:57,113.881447,22.671217,0
22396,04:48:58,113.881447,22.671217,0
22396,04:49:35,113.884186,22.671932,0
22396,04:49:36,113.884186,22.671932,0
22396,04:49:37,113.884186,22.671932,0
22396,04:49:38,113.884186,22.671932,0
22396,04:50:15,113.887421,22.673599,0
22396,04:50:16,113.887421,22.673599,0
22396,04:50:17,113.887421,22.673599,0
22396,04:50:18,113.887421,22.673599,0
22396,04:50:55,113.890686,22.674982,0
22396,04:50:56,113.890686,22.674982,0
22396,04:50:57,113.890686,22.674982,0
22396,04:50:58,113.890686,22.674982,0
22396,04:51:35,113.893333,22.674917,0
22396,04:51:36,113.893333,22.674917,0
22396,04:51:37,113.893333,22.674917,0
22396,04:51:38,113.893333,22.674917,0
22396,04:52:15,113.900749,22.673,0
22396,04:52:16,113.900749,22.673,0
22396,04:52:17,113.900749,22.673,0
22396,04:52:18,113.900749,22.673,0
22396,04:52:55,113.908997,22.675117,0
22396,04:52:56,113.908997,22.675117,0
22396,04:52:57,113.908997,22.675117,0
22396,04:52:58,113.908997,22.675117,0
22396,04:53:35,113.913818,22.675167,0
22396,04:53:36,113.913818,22.675167,0
22396,04:53:37,113.913818,22.675167,0
22396,04:53:38,113.913818,22.675167,0
22396,04:54:15,113.917236,22.674267,0
22396,04:54:16,113.917236,22.674267,0
22396,04:54:17,113.917236,22.674267,0
22396,04:54:18,113.917236,22.674267,0
22396,04:54:55,113.922699,22.673582,0
22396,04:54:56,113.922699,22.673582,0
22396,04:54:57,113.922699,22.673582,0
22396,04:54:58,113.922699,22.673582,0
22396,04:57:02,113.932983,22.682917,0
22396,04:57:03,113.932983,22.682917,0
22396,04:57:04,113.932983,22.682917,0
22396,04:57:05,113.932983,22.682917,0
22396,04:57:42,113.93502,22.683117,0
22396,04:57:43,113.93502,22.683117,0
22396,04:57:44,113.93502,22.683117,0
22396,04:57:45,113.93502,22.683117,0
22396,04:58:22,113.940147,22.683384,0
22396,04:58:23,113.940147,22.683384,0
22396,04:58:24,113.940147,22.683384,0
22396,04:58:25,113.940147,22.683384,0
22396,04:59:02,113.946236,22.684317,0
22396,04:59:03,113.946236,22.684317,0
22396,04:59:04,113.946236,22.684317,0
22396,04:59:05,113.946236,22.684317,0
22396,04:59:42,113.949966,22.688766,0
22396,04:59:43,113.949966,22.688766,0
22396,04:59:44,113.949966,22.688766,0
22396,04:59:45,113.949966,22.688766,0
22396,05:00:22,113.952568,22.689034,0
22396,05:00:23,113.952568,22.689034,0
22396,05:00:24,113.952568,22.689034,0
22396,05:00:25,113.952568,22.689034,0
22396,05:01:02,113.95787,22.686666,0
22396,05:01:03,113.95787,22.686666,0
22396,05:01:04,113.95787,22.686666,0
22396,05:01:05,113.95787,22.686666,0
22396,05:01:42,113.959236,22.68685,0
22396,05:01:43,113.959236,22.68685,0
22396,05:01:44,113.959236,22.68685,0
22396,05:01:45,113.959236,22.68685,0
22396,05:01:50,113.959801,22.686666,0
22396,05:01:51,113.959801,22.686666,0
22396,05:01:52,113.959801,22.686666,0
22396,05:01:53,113.959801,22.686666,0
22396,05:04:29,113.97953,22.675068,0
22396,05:05:09,113.985519,22.671618,0
22396,05:05:49,113.99173,22.667482,0
22396,05:06:29,113.996536,22.663168,0
22396,05:07:09,113.997314,22.662399,0
22396,05:07:49,114.00013,22.659,0
22396,05:08:29,114.003067,22.654818,0
22396,05:09:09,114.007164,22.649218,0
22396,05:09:49,114.007881,22.648251,0
22396,05:10:29,114.007736,22.648916,0
22396,05:11:09,114.006737,22.650749,0
22396,05:15:23,114.006866,22.6506,0
22396,05:17:59,114.006783,22.65065,0
22396,05:20:49,114.006836,22.650766,0
22396,05:21:09,114.006699,22.650667,0
22396,05:21:49,114.005486,22.651983,0
22396,05:22:29,114.003601,22.655333,0
22396,05:23:09,114.005768,22.655684,0
22396,05:23:49,114.00563,22.655832,0
22396,05:24:29,114.005615,22.655783,0
22396,05:25:09,114.0056,22.655733,0
22396,05:35:42,114.0056,22.655733,0
22396,05:46:17,114.0056,22.655733,0
22396,05:50:09,114.005615,22.655899,0
22396,05:50:17,114.00563,22.655916,0
22396,05:55:09,114.00563,22.655916,0
22396,06:05:09,114.00563,22.655867,0
22396,06:05:17,114.005615,22.655849,0
22396,06:05:42,114.00563,22.655916,0
22396,06:10:09,114.005547,22.6558,0
22396,06:20:42,114.005547,22.6558,0
22396,06:25:09,114.005417,22.655767,0
22396,06:25:17,114.005417,22.655767,0
22396,06:30:09,114.005402,22.655767,0
22396,06:30:17,114.005386,22.65575,0
22396,06:35:09,114.005531,22.655718,0
22396,06:40:09,114.005402,22.655733,0
22396,06:40:17,114.005402,22.65575,0
22396,06:45:09,114.005432,22.655701,0
22396,06:55:42,114.005432,22.655701,0
22396,07:06:17,114.005432,22.655701,0
22396,07:16:52,114.005432,22.655701,0
22396,07:27:27,114.005432,22.655701,0
22396,07:38:01,114.005432,22.655701,0
22396,07:48:37,114.005432,22.655701,0
22396,07:50:24,114.005699,22.655817,0
22396,07:53:18,114.005653,22.655666,0
22396,07:53:44,114.005669,22.655733,0
22396,07:54:24,114.005699,22.655767,0
22396,07:56:24,114.005814,22.655783,0
22396,07:56:32,114.005783,22.655783,0
22396,07:57:04,114.005814,22.6558,0
22396,07:57:44,114.005783,22.65575,0
22396,07:57:52,114.005753,22.655767,0
22396,07:59:04,114.004967,22.6577,0
22396,07:59:44,114.005302,22.658617,0
22396,07:59:52,114.005699,22.658434,0
22396,08:01:04,114.00708,22.657984,0
22396,08:01:44,114.008217,22.658867,1
22396,08:01:52,114.008781,22.658684,1
22396,08:02:24,114.010368,22.658117,1
22396,08:03:04,114.013115,22.660067,1
22396,08:03:44,114.015419,22.6607,1
22396,08:04:24,114.018768,22.662233,1
22396,08:05:04,114.018951,22.662117,1
22396,08:05:44,114.018967,22.662117,1
22396,08:06:24,114.020981,22.663668,1
22396,08:07:04,114.023918,22.665867,1
22396,08:07:12,114.024666,22.666384,1
22396,08:08:24,114.027214,22.668068,1
22396,08:09:04,114.029152,22.66955,1
22396,08:09:44,114.031853,22.669167,1
22396,08:10:24,114.03212,22.669001,1
22396,08:11:04,114.032349,22.6689,1
22396,08:11:44,114.034683,22.673067,1
22396,08:12:24,114.036819,22.675318,1
22396,08:13:04,114.039581,22.674601,1
22396,08:13:44,114.043381,22.67905,1
22396,08:14:24,114.043549,22.679333,1
22396,08:15:04,114.044098,22.682117,1
22396,08:15:12,114.044151,22.683283,1
22396,08:15:44,114.044418,22.687366,1
22396,08:16:24,114.044418,22.689083,1
22396,08:17:04,114.04467,22.69335,1
22396,08:17:12,114.04467,22.694134,1
22396,08:18:24,114.044403,22.700916,1
22396,08:19:04,114.04425,22.7026,1
22396,08:19:44,114.043869,22.704184,1
22396,08:20:24,114.043869,22.704184,1
22396,08:21:04,114.042831,22.706051,1
22396,08:21:44,114.042603,22.7115,1
22396,08:22:24,114.042747,22.711933,1
22396,08:23:04,114.04287,22.712032,1
22396,08:23:44,114.046349,22.710567,1
22396,08:23:52,114.047218,22.710182,1
22396,08:24:24,114.051033,22.708082,1
22396,08:24:32,114.051834,22.7075,1
22396,08:25:44,114.059715,22.705799,1
22396,08:26:24,114.063202,22.71125,1
22396,08:27:04,114.066086,22.71575,1
22396,08:27:44,114.066368,22.716368,1
22396,08:27:52,114.066368,22.716368,1
22396,08:29:04,114.062531,22.7192,1
22396,08:29:12,114.06208,22.720501,1
22396,08:30:24,114.059853,22.723301,1
22396,08:30:32,114.05983,22.723249,1
22396,08:31:04,114.059853,22.723101,1
22396,08:31:12,114.059853,22.723101,1
22396,08:32:24,114.05957,22.723249,0
22396,08:32:32,114.059586,22.723249,0
22396,08:33:04,114.059601,22.723368,0
22396,08:34:02,114.059631,22.723316,0
22396,08:34:10,114.059647,22.723351,0
22396,08:34:24,114.059669,22.723368,0
22396,08:35:04,114.059631,22.7234,0
22396,08:35:12,114.059631,22.7234,0
22396,08:35:44,114.059631,22.723368,0
22396,08:35:52,114.059631,22.723368,0
22396,08:36:24,114.059616,22.723417,0
22396,08:37:04,114.059631,22.72345,0
22396,08:37:44,114.059647,22.723417,0
22396,08:37:52,114.059631,22.723417,0
22396,08:39:04,114.059601,22.7234,0
22396,08:39:44,114.059685,22.723433,0
22396,08:39:52,114.059647,22.723433,0
22396,08:40:24,114.059319,22.723467,0
22396,08:40:32,114.059303,22.723467,0
22396,08:41:44,114.057266,22.723633,0
22396,08:41:52,114.05703,22.7236,0
22396,08:42:24,114.05442,22.722082,0
22396,08:42:28,114.054016,22.721718,0
22396,08:43:04,114.05117,22.719116,0
22396,08:43:44,114.04805,22.717167,0
22396,08:44:24,114.044914,22.716,0
22396,08:44:32,114.044083,22.715782,0
22396,08:45:04,114.0439,22.715799,0
22396,08:45:44,114.0439,22.715782,0
22396,08:46:24,114.040947,22.715,0
22396,08:46:32,114.040932,22.714983,0
22396,08:47:04,114.039185,22.712482,0
22396,08:47:12,114.038933,22.711517,0
22396,08:48:24,114.03878,22.710833,0
22396,08:49:04,114.03878,22.710817,0
22396,08:49:44,114.037903,22.707434,0
22396,08:50:24,114.037582,22.706499,0
22396,08:50:32,114.037582,22.706484,0
22396,08:51:04,114.037567,22.70645,0
22396,08:51:12,114.03743,22.706034,0
22396,08:51:44,114.036903,22.703533,0
22396,08:51:52,114.036697,22.702749,0
22396,08:53:04,114.0355,22.695118,0
22396,08:53:44,114.035629,22.694033,0
22396,08:54:24,114.035416,22.690582,0
22396,08:55:04,114.034401,22.686234,0
22396,08:55:12,114.03418,22.685167,0
22396,08:55:44,114.032753,22.680717,0
22396,08:56:24,114.030685,22.675983,1
22396,08:57:04,114.027298,22.673416,1
22396,08:57:44,114.026932,22.673166,1
22396,08:58:24,114.026947,22.673166,1
22396,08:59:04,114.025436,22.672083,1
22396,08:59:44,114.025253,22.6721,1
22396,08:59:52,114.025253,22.6721,1
22396,09:00:24,114.025085,22.671801,1
22396,09:01:04,114.025032,22.671818,1
22396,09:01:44,114.025146,22.671801,1
22396,09:02:24,114.023819,22.670767,1
22396,09:03:04,114.021103,22.668751,1
22396,09:03:44,114.02108,22.668768,1
22396,09:04:24,114.021019,22.66865,1
22396,09:05:04,114.023903,22.666067,1
22396,09:05:44,114.02372,22.665934,1
22396,09:06:24,114.023735,22.665951,1
22396,09:07:04,114.024879,22.664883,1
22396,09:07:44,114.026917,22.661467,1
22396,09:08:24,114.024933,22.660116,1
22396,09:09:04,114.022751,22.658484,1
22396,09:09:12,114.022751,22.658518,1
22396,09:09:44,114.02282,22.658583,1
22396,09:09:52,114.02282,22.658583,1
22396,09:11:04,114.019966,22.656366,1
22396,09:11:44,114.018799,22.655567,1
22396,09:11:52,114.018768,22.65555,1
22396,09:12:24,114.018715,22.65555,1
22396,09:12:32,114.018684,22.65555,1
22396,09:13:04,114.0187,22.655533,1
22396,09:13:12,114.0187,22.655533,1
22396,09:13:58,114.019279,22.654751,1
22396,09:14:24,114.02002,22.653833,1
22396,09:14:34,114.020164,22.653618,1
22396,09:15:04,114.020836,22.652834,1
22396,09:15:12,114.020897,22.652666,1
22396,09:16:24,114.021248,22.65225,1
22396,09:17:04,114.023331,22.648167,1
22396,09:17:44,114.023552,22.6469,1
22396,09:18:24,114.023537,22.6469,1
22396,09:19:04,114.023582,22.64665,1
22396,09:19:44,114.023598,22.646633,1
22396,09:20:24,114.023369,22.64555,1
22396,09:21:04,114.02198,22.640984,1
22396,09:21:44,114.021301,22.638718,1
22396,09:22:24,114.021446,22.639133,1
22396,09:23:04,114.02298,22.64115,1
22396,09:23:44,114.025414,22.639851,1
22396,09:23:52,114.025131,22.63895,1
22396,09:24:24,114.024384,22.63685,1
22396,09:25:04,114.025116,22.631918,1
22396,09:25:44,114.026421,22.627701,1
22396,09:26:24,114.027115,22.625168,1
22396,09:27:04,114.027313,22.62435,1
22396,09:27:44,114.027283,22.624332,1
22396,09:28:24,114.027252,22.624283,1
22396,09:29:04,114.028297,22.620968,1
22396,09:29:44,114.031418,22.615767,1
22396,09:30:24,114.032082,22.615017,1
22396,09:31:04,114.032883,22.61405,1
22396,09:31:44,114.035599,22.610783,1
22396,09:32:24,114.0382,22.607668,1
22396,09:33:04,114.040649,22.604668,1
22396,09:33:12,114.041267,22.603951,1
22396,09:33:44,114.04158,22.6036,1
22396,09:34:24,114.043266,22.601566,1
22396,09:34:32,114.043381,22.6012,1
22396,09:35:04,114.043533,22.600517,1
22396,09:35:44,114.043533,22.6005,1
22396,09:36:24,114.043549,22.600517,1
22396,09:37:04,114.043549,22.600533,1
22396,09:37:44,114.043564,22.600517,1
22396,09:37:52,114.043564,22.600517,1
22396,09:39:04,114.043564,22.600517,1
22396,09:39:44,114.045013,22.598433,1
22396,09:40:24,114.044952,22.598433,0
22396,09:41:04,114.044998,22.5984,0
22396,09:41:44,114.044998,22.5984,0
22396,09:42:24,114.044983,22.598433,0
22396,09:43:06,114.044983,22.598417,0
22396,09:43:46,114.044983,22.598417,0
22396,09:44:26,114.044952,22.598433,0
22396,09:45:06,114.044952,22.598433,0
22396,09:45:46,114.044998,22.598417,0
22396,09:46:34,114.044296,22.5996,1
22396,09:47:46,114.043098,22.603251,1
22396,09:47:54,114.042297,22.6031,1
22396,09:48:26,114.039146,22.606716,1
22396,09:48:34,114.038864,22.607117,1
22396,09:49:06,114.038933,22.607166,1
22396,09:49:46,114.038879,22.607117,1
22396,09:50:26,114.03875,22.607218,1
22396,09:51:06,114.035149,22.611668,1
22396,09:51:46,114.032768,22.614616,1
22396,09:51:54,114.032753,22.614599,1
22396,09:53:06,114.028397,22.621483,1
22396,09:53:46,114.026535,22.627483,1
22396,09:54:26,114.024986,22.633949,1
22396,09:55:06,114.02475,22.635651,1
22396,09:55:46,114.025368,22.638849,1
22396,09:56:26,114.026886,22.642433,1
22396,09:56:34,114.027115,22.643049,1
22396,09:57:06,114.027397,22.643883,1
22396,09:57:46,114.02742,22.643883,1
22396,09:58:26,114.027382,22.643867,1
22396,09:59:06,114.027351,22.643883,1
22396,09:59:46,114.02755,22.644367,1
22396,09:59:54,114.027679,22.644667,1
22396,10:00:26,114.030182,22.647083,1
22396,10:01:06,114.031197,22.64785,1
22396,10:01:46,114.031914,22.648582,1
22396,10:02:26,114.031448,22.649017,1
22396,10:03:06,114.027115,22.652718,1
22396,10:03:46,114.025314,22.6549,1
22396,10:04:26,114.027031,22.656767,1
22396,10:04:34,114.027466,22.657084,1
22396,10:05:06,114.02858,22.658117,1
22396,10:05:46,114.028519,22.658417,1
22396,10:06:26,114.028648,22.658117,1
22396,10:07:06,114.03228,22.660299,1
22396,10:07:14,114.033302,22.660868,1
22396,10:07:46,114.036667,22.658684,1
22396,10:07:54,114.037033,22.6584,1
22396,10:09:06,114.037003,22.658417,1
22396,10:09:46,114.039215,22.65695,1
22396,10:10:26,114.040451,22.656183,0
22396,10:11:06,114.038582,22.652617,0
22396,10:11:46,114.036835,22.653549,1
22396,10:12:26,114.035202,22.654949,1
22396,10:13:06,114.032265,22.657316,1
22396,10:13:46,114.03093,22.6588,1
22396,10:13:54,114.030952,22.658833,1
22396,10:15:06,114.027817,22.661467,1
22396,10:15:46,114.027336,22.661617,1
22396,10:16:26,114.024719,22.659866,1
22396,10:16:34,114.025269,22.660067,1
22396,10:17:06,114.025467,22.660151,0
22396,10:17:46,114.025719,22.660316,1
22396,10:18:26,114.027397,22.6616,1
22396,10:19:06,114.02742,22.661583,1
22396,10:19:46,114.02742,22.661551,1
22396,10:20:26,114.029686,22.663383,1
22396,10:20:34,114.030266,22.663982,1
22396,10:21:46,114.030464,22.664351,1
22396,10:22:26,114.030434,22.6644,1
22396,10:23:06,114.030434,22.664383,1
22396,10:23:46,114.030449,22.664417,1
22396,10:24:26,114.027985,22.667566,1
22396,10:25:06,114.025986,22.669916,1
22396,10:25:46,114.025665,22.670349,1
22396,10:25:54,114.025581,22.670433,1
22396,10:27:06,114.025848,22.671967,0
22396,10:28:26,114.026199,22.6723,0
22396,10:28:34,114.026337,22.6724,0
22396,10:29:06,114.026367,22.6724,0
22396,10:29:14,114.026398,22.672417,0
22396,10:29:46,114.026833,22.672817,0
22396,10:29:54,114.026833,22.672783,0
22396,10:30:26,114.026817,22.672783,0
22396,10:30:34,114.026802,22.672783,0
22396,10:31:06,114.026787,22.672783,0
22396,10:31:14,114.026482,22.67285,0
22396,10:31:46,114.025986,22.6726,0
22396,10:32:26,114.025848,22.672518,0
22396,10:33:06,114.025452,22.672199,0
22396,10:33:46,114.025467,22.672216,0
22396,10:34:26,114.025467,22.672234,0
22396,10:35:06,114.025452,22.672234,0
22396,10:35:46,114.025452,22.672234,0
22396,10:35:54,114.025436,22.672216,0
22396,10:36:26,114.025436,22.672199,0
22396,10:36:34,114.025414,22.672167,0
22396,10:37:06,114.025398,22.672167,0
22396,10:37:14,114.025398,22.672167,0
22396,10:37:54,114.025414,22.672167,0
22396,10:38:02,114.025368,22.672117,1
22396,10:38:28,114.024567,22.671917,1
22396,10:38:36,114.024467,22.671932,1
22396,10:39:08,114.023834,22.673,1
22396,10:39:48,114.024651,22.674534,1
22396,10:39:56,114.0252,22.674534,1
22396,10:41:08,114.026154,22.6737,1
22396,10:41:48,114.025581,22.67215,1
22396,10:41:56,114.025497,22.672117,1
22396,10:42:28,114.025314,22.671949,1
22396,10:42:36,114.024933,22.671682,1
22396,10:43:08,114.022484,22.669832,1
22396,10:43:48,114.020515,22.66905,1
22396,10:44:28,114.017197,22.669783,1
22396,10:44:36,114.017082,22.669933,1
22396,10:45:48,114.015846,22.669233,1
22396,10:46:28,114.015068,22.668833,1
22396,10:46:36,114.015053,22.668818,1
22396,10:47:48,114.014969,22.668734,1
22396,10:48:28,114.012497,22.672199,1
22396,10:48:36,114.011833,22.673,1
22396,10:49:48,114.007332,22.676283,1
22396,10:49:56,114.007301,22.676149,1
22396,10:50:28,114.00795,22.674816,1
22396,10:50:36,114.008003,22.674732,1
22396,10:51:08,114.00798,22.674767,0
22396,10:51:48,114.00795,22.674717,0
22396,10:52:28,114.007965,22.674717,0
22396,10:52:36,114.00795,22.674732,0
22396,10:53:08,114.00795,22.674717,1
22396,10:53:16,114.00795,22.674717,1
22396,10:54:28,114.007385,22.67565,0
22396,10:55:08,114.008316,22.67565,0
22396,10:55:48,114.011314,22.673483,0
22396,10:56:28,114.013748,22.67045,0
22396,10:57:08,114.016029,22.666849,0
22396,10:57:16,114.01622,22.666451,0
22396,10:57:48,114.015251,22.665951,0
22396,10:58:28,114.015236,22.665968,0
22396,10:59:08,114.015221,22.665968,0
22396,10:59:16,114.015221,22.665968,0
22396,10:59:48,114.015221,22.665968,0
22396,11:00:28,114.015198,22.665934,0
22396,11:01:08,114.013649,22.665434,0
22396,11:01:48,114.011497,22.663918,0
22396,11:02:28,114.01152,22.66395,0
22396,11:02:36,114.01152,22.66395,0
22396,11:03:48,114.007851,22.660999,0
22396,11:04:28,114.005386,22.661051,0
22396,11:04:36,114.004799,22.6611,0
22396,11:05:08,114.003517,22.66115,0
22396,11:05:16,114.003517,22.661167,0
22396,11:06:28,114.003487,22.661182,0
22396,11:06:36,114.003464,22.661182,0
22396,11:07:08,113.999947,22.661949,0
22396,11:07:48,113.9972,22.662884,0
22396,11:08:28,113.994469,22.665182,0
22396,11:09:08,113.9897,22.669268,0
22396,11:09:48,113.982147,22.673817,0
22396,11:10:28,113.976868,22.6777,0
22396,11:11:08,113.972954,22.681883,0
22396,11:11:48,113.967964,22.688583,0
22396,11:11:49,113.967964,22.688583,0
22396,11:11:50,113.967964,22.688583,0
22396,11:11:51,113.967964,22.688583,0
22396,11:12:36,113.9655,22.688517,0
22396,11:12:37,113.9655,22.688517,0
22396,11:12:38,113.9655,22.688517,0
22396,11:12:39,113.9655,22.688517,0
22396,11:13:08,113.965683,22.687651,0
22396,11:13:09,113.965683,22.687651,0
22396,11:13:10,113.965683,22.687651,0
22396,11:13:11,113.965683,22.687651,0
22396,11:13:48,113.959869,22.684401,0
22396,11:13:49,113.959869,22.684401,0
22396,11:13:50,113.959869,22.684401,0
22396,11:13:51,113.959869,22.684401,0
22396,11:14:28,113.950935,22.681116,0
22396,11:14:29,113.950935,22.681116,0
22396,11:14:30,113.950935,22.681116,0
22396,11:14:31,113.950935,22.681116,0
22396,11:15:08,113.94278,22.675167,0
22396,11:15:09,113.94278,22.675167,0
22396,11:15:10,113.94278,22.675167,0
22396,11:15:11,113.94278,22.675167,0
22396,11:15:48,113.934181,22.670633,0
22396,11:15:49,113.934181,22.670633,0
22396,11:15:50,113.934181,22.670633,0
22396,11:15:51,113.934181,22.670633,0
22396,11:16:36,113.925285,22.663099,0
22396,11:16:37,113.925285,22.663099,0
22396,11:16:38,113.925285,22.663099,0
22396,11:16:39,113.925285,22.663099,0
22396,11:17:08,113.918404,22.659332,0
22396,11:17:09,113.918404,22.659332,0
22396,11:17:10,113.918404,22.659332,0
22396,11:17:11,113.918404,22.659332,0
22396,11:17:48,113.908218,22.659082,0
22396,11:17:49,113.908218,22.659082,0
22396,11:17:50,113.908218,22.659082,0
22396,11:17:51,113.908218,22.659082,0
22396,11:18:28,113.898468,22.659283,0
22396,11:18:29,113.898468,22.659283,0
22396,11:18:30,113.898468,22.659283,0
22396,11:18:31,113.898468,22.659283,0
22396,11:19:08,113.888649,22.6588,0
22396,11:19:09,113.888649,22.6588,0
22396,11:19:10,113.888649,22.6588,0
22396,11:19:11,113.888649,22.6588,0
22396,11:19:56,113.877586,22.657101,0
22396,11:21:08,113.86338,22.650984,0
22396,11:21:48,113.860748,22.642349,0
22396,11:22:28,113.858833,22.636883,0
22396,11:23:08,113.85878,22.636818,0
22396,11:23:48,113.858734,22.636717,0
22396,11:24:28,113.858681,22.636633,0
22396,11:25:08,113.85865,22.636566,0
22396,11:25:48,113.858749,22.636534,0
22396,11:26:28,113.85527,22.632017,0
22396,11:27:08,113.849365,22.628883,0
22396,11:27:48,113.849548,22.624567,0
22396,11:27:56,113.848663,22.6238,0
22396,11:28:28,113.843147,22.621767,0
22396,11:29:08,113.836121,22.619984,0
22396,11:29:48,113.835281,22.619783,0
22396,11:29:56,113.835297,22.619766,0
22396,11:31:08,113.836418,22.615482,0
22396,11:31:48,113.839149,22.609484,0
22396,11:32:28,113.83757,22.606016,0
22396,11:33:08,113.832832,22.604116,0
22396,11:33:16,113.831734,22.603634,0
22396,11:33:48,113.82917,22.602551,0
22396,11:34:28,113.829201,22.602568,0
22396,11:35:08,113.829918,22.5986,0
22396,11:35:48,113.830269,22.596951,0
22396,11:36:28,113.830132,22.598482,0
22396,11:37:08,113.829033,22.6026,0
22396,11:37:48,113.826881,22.607668,0
22396,11:38:28,113.826851,22.607634,0
22396,11:39:08,113.826782,22.608183,0
22396,11:39:48,113.82502,22.612301,0
22396,11:40:28,113.82785,22.615999,0
22396,11:40:36,113.829216,22.61665,0
22396,11:41:08,113.82782,22.616484,0
22396,11:41:48,113.820816,22.613234,0
22396,11:41:56,113.819298,22.612516,0
22396,11:42:28,113.816635,22.613817,0
22396,11:43:08,113.813698,22.619232,0
22396,11:43:48,113.81282,22.623133,0
22396,11:44:28,113.81308,22.625668,0
22396,11:45:08,113.812531,22.626617,0
22396,11:45:48,113.812515,22.6266,0
22396,11:46:28,113.812469,22.626617,0
22396,11:47:08,113.812485,22.6266,0
22396,11:47:48,113.8125,22.626617,0
22396,11:48:28,113.812515,22.626633,0
22396,11:49:08,113.812485,22.626633,0
22396,11:49:48,113.8125,22.626633,0
22396,11:50:28,113.812531,22.626633,0
22396,11:51:08,113.812531,22.626633,0
22396,11:51:48,113.812553,22.62665,0
22396,11:52:28,113.812515,22.626633,0
22396,11:53:08,113.812515,22.626633,0
22396,11:53:48,113.812149,22.627216,0
22396,11:54:28,113.812119,22.627216,0
22396,11:55:08,113.812134,22.627199,0
22396,11:55:48,113.81218,22.627216,0
22396,11:56:28,113.81218,22.627216,0
22396,11:57:08,113.812218,22.627251,0
22396,11:57:48,113.812035,22.6276,0
22396,11:58:28,113.812035,22.6276,0
22396,11:59:08,113.812035,22.627583,0
22396,11:59:48,113.812035,22.6276,0
22396,12:00:28,113.812019,22.627583,0
22396,12:01:08,113.812035,22.6276,0
22396,12:01:48,113.811996,22.627583,0
22396,12:02:28,113.811966,22.62755,0
22396,12:03:08,113.811951,22.6276,0
22396,12:03:48,113.81147,22.628017,0
22396,12:04:28,113.811501,22.628017,0
22396,12:05:08,113.811302,22.627968,0
22396,12:05:48,113.809814,22.62735,0
22396,12:06:28,113.809669,22.627068,0
22396,12:07:08,113.809685,22.627117,0
22396,12:07:48,113.809685,22.627132,0
22396,12:08:28,113.8097,22.62715,0
22396,12:09:08,113.8097,22.62715,0
22396,12:09:48,113.809753,22.627033,0
22396,12:10:28,113.809814,22.626818,0
22396,12:11:08,113.809853,22.626766,0
22396,12:11:48,113.809898,22.626734,0
22396,12:12:28,113.809952,22.626417,0
22396,12:13:08,113.809868,22.626368,0
22396,12:13:46,113.809914,22.626383,0
22396,12:14:28,113.806602,22.623949,1
22396,12:15:08,113.809052,22.619316,1
22396,12:15:48,113.812851,22.612551,1
22396,12:16:28,113.818764,22.610634,1
22396,12:17:08,113.823769,22.614218,1
22396,12:17:16,113.824951,22.614767,1
22396,12:17:48,113.830284,22.617317,1
22396,12:17:56,113.831703,22.617983,1
22396,12:19:08,113.845467,22.622066,1
22396,12:19:48,113.849052,22.62105,1
22396,12:20:28,113.851517,22.618082,1
22396,12:21:08,113.853653,22.614668,1
22396,12:21:48,113.856682,22.6089,1
22396,12:22:28,113.86132,22.603783,1
22396,12:23:08,113.862785,22.60145,1
22396,12:23:48,113.86377,22.6,1
22396,12:24:28,113.864182,22.59935,1
22396,12:25:08,113.865196,22.597866,1
22396,12:25:50,113.865952,22.596733,1
22396,12:26:30,113.866936,22.595266,1
22396,12:27:10,113.867264,22.594749,1
22396,12:27:50,113.868065,22.593283,1
22396,12:28:30,113.869186,22.591232,1
22396,12:29:10,113.870468,22.589251,1
22396,12:29:50,113.870667,22.588734,1
22396,12:30:30,113.870598,22.587883,1
22396,12:31:10,113.870934,22.587116,1
22396,12:31:50,113.871849,22.589033,1
22396,12:32:30,113.868683,22.59235,1
22396,12:33:10,113.865517,22.597633,1
22396,12:33:50,113.862114,22.602783,1
22396,12:34:30,113.857849,22.607866,1
22396,12:35:10,113.853851,22.614599,1
22396,12:35:50,113.85038,22.6201,1
22396,12:36:30,113.848297,22.623249,1
22396,12:37:57,113.85218,22.628416,0
22396,12:38:37,113.844887,22.633101,0
22396,12:39:17,113.838966,22.6401,0
22396,12:39:25,113.837616,22.641768,0
22396,12:39:54,113.832848,22.648283,0
22396,12:39:55,113.832848,22.648283,0
22396,12:39:56,113.832848,22.648283,0
22396,12:39:57,113.832848,22.648283,0
22396,12:40:05,113.831947,22.649933,0
22396,12:40:06,113.831947,22.649933,0
22396,12:40:07,113.831947,22.649933,0
22396,12:40:08,113.831947,22.649933,0
22396,12:40:37,113.829369,22.656218,0
22396,12:40:38,113.829369,22.656218,0
22396,12:40:39,113.829369,22.656218,0
22396,12:40:40,113.829369,22.656218,0
22396,12:41:17,113.828232,22.663134,0
22396,12:41:18,113.828232,22.663134,0
22396,12:41:19,113.828232,22.663134,0
22396,12:41:20,113.828232,22.663134,0
22396,12:43:23,113.838814,22.692949,0
22396,12:43:24,113.838814,22.692949,0
22396,12:43:25,113.838814,22.692949,0
22396,12:43:26,113.838814,22.692949,0
22396,12:44:03,113.843369,22.70125,0
22396,12:44:04,113.843369,22.70125,0
22396,12:44:05,113.843369,22.70125,0
22396,12:44:06,113.843369,22.70125,0
22396,12:44:43,113.846298,22.709183,0
22396,12:44:44,113.846298,22.709183,0
22396,12:44:45,113.846298,22.709183,0
22396,12:44:46,113.846298,22.709183,0
22396,12:45:23,113.847832,22.717533,0
22396,12:45:24,113.847832,22.717533,0
22396,12:45:25,113.847832,22.717533,0
22396,12:45:26,113.847832,22.717533,0
22396,12:45:31,113.847984,22.719433,0
22396,12:45:32,113.847984,22.719433,0
22396,12:45:33,113.847984,22.719433,0
22396,12:45:34,113.847984,22.719433,0
22396,12:46:03,113.847771,22.727467,0
22396,12:46:04,113.847771,22.727467,0
22396,12:46:05,113.847771,22.727467,0
22396,12:46:06,113.847771,22.727467,0
22396,12:46:43,113.845985,22.736467,0
22396,12:46:44,113.845985,22.736467,0
22396,12:46:45,113.845985,22.736467,0
22396,12:46:46,113.845985,22.736467,0
22396,12:47:23,113.842552,22.74485,0
22396,12:47:24,113.842552,22.74485,0
22396,12:47:25,113.842552,22.74485,0
22396,12:47:26,113.842552,22.74485,0
22396,12:47:31,113.841766,22.7463,0
22396,12:47:32,113.841766,22.7463,0
22396,12:47:33,113.841766,22.7463,0
22396,12:47:34,113.841766,22.7463,0
22396,12:48:43,113.831482,22.75935,0
22396,12:48:44,113.831482,22.75935,0
22396,12:48:45,113.831482,22.75935,0
22396,12:48:46,113.831482,22.75935,0
22396,12:49:23,113.823502,22.765484,0
22396,12:49:24,113.823502,22.765484,0
22396,12:49:25,113.823502,22.765484,0
22396,12:49:26,113.823502,22.765484,0
22396,12:50:03,113.814232,22.7715,0
22396,12:50:04,113.814232,22.7715,0
22396,12:50:05,113.814232,22.7715,0
22396,12:50:06,113.814232,22.7715,0
22396,12:50:43,113.805801,22.778366,0
22396,12:50:44,113.805801,22.778366,0
22396,12:50:45,113.805801,22.778366,0
22396,12:50:46,113.805801,22.778366,0
22396,12:51:23,113.79863,22.786167,0
22396,12:51:24,113.79863,22.786167,0
22396,12:51:25,113.79863,22.786167,0
22396,12:51:26,113.79863,22.786167,0
22396,12:52:03,113.79277,22.794483,0
22396,12:52:43,113.787285,22.802732,0
22396,12:53:23,113.779716,22.80925,0
22396,12:54:03,113.77047,22.811399,0
22396,12:54:43,113.75972,22.81115,0
22396,12:55:23,113.749252,22.812468,0
22396,12:56:03,113.739052,22.815018,0
22396,12:56:43,113.731117,22.81765,0
22396,12:57:23,113.724365,22.820217,0
22396,12:58:03,113.716797,22.823151,0
22396,12:58:43,113.708664,22.826283,0
22396,12:59:23,113.699471,22.830099,0
22396,13:00:03,113.69133,22.836718,0
22396,13:00:43,113.685883,22.844767,0
22396,13:01:23,113.681015,22.853649,0
22396,13:02:03,113.676666,22.86215,0
22396,13:02:43,113.673553,22.871283,0
22396,13:03:23,113.670853,22.880117,0
22396,13:04:03,113.669403,22.888533,0
22396,13:04:43,113.669151,22.892349,0
22396,13:05:23,113.669014,22.897499,0
22396,13:06:03,113.6689,22.904682,0
22396,13:06:43,113.670265,22.9133,0
22396,13:07:23,113.67395,22.920633,0
22396,13:08:03,113.680565,22.927767,0
22396,13:08:43,113.687599,22.935017,0
22396,13:09:23,113.69133,22.943083,0
22396,13:10:03,113.693848,22.952049,0
22396,13:10:43,113.69648,22.961367,0
22396,13:11:23,113.698616,22.969467,0
22396,13:12:03,113.699387,22.979233,0
22396,13:12:43,113.69767,22.989149,0
22396,13:13:23,113.693787,22.998133,0
22396,13:14:03,113.688583,23.005301,0
22396,13:14:43,113.68132,23.012484,0
22396,13:15:23,113.673515,23.020018,0
22396,13:16:03,113.666016,23.027233,0
22396,13:16:43,113.658417,23.034451,0
22396,13:17:23,113.651001,23.040367,0
22396,13:18:03,113.642487,23.045401,0
22396,13:18:43,113.633614,23.049767,0
22396,13:19:23,113.625282,23.05415,0
22396,13:20:03,113.617599,23.059084,0
22396,13:20:43,113.609833,23.065283,0
22396,13:21:23,113.603653,23.071182,0
22396,13:22:03,113.598282,23.077467,0
22396,13:22:43,113.592766,23.085167,0
22396,13:23:23,113.587769,23.092684,0
22396,13:25:25,113.570633,23.113216,0
22396,13:26:05,113.565514,23.119284,0
22396,13:26:45,113.56028,23.126568,0
22396,13:27:33,113.55217,23.132116,0
22396,13:28:05,113.545547,23.136417,0
22396,13:28:53,113.535782,23.143551,0
22396,13:30:05,113.521965,23.147882,0
22396,13:30:45,113.514832,23.147432,0
22396,13:31:25,113.505798,23.147182,0
22396,13:32:05,113.496918,23.147417,0
22396,13:32:45,113.48777,23.150316,0
22396,13:33:25,113.478584,23.153717,0
22396,13:34:05,113.470383,23.156532,0
22396,13:34:45,113.461098,23.158617,0
22396,13:34:53,113.459015,23.158934,0
22396,13:35:25,113.451599,23.160017,0
22396,13:36:05,113.442047,23.161182,0
22396,13:36:45,113.432053,23.161467,0
22396,13:36:53,113.43,23.161484,0
22396,13:37:25,113.421921,23.161367,0
22396,13:38:13,113.410454,23.159483,0
22396,13:38:45,113.402718,23.157049,0
22396,13:38:53,113.401497,23.156668,0
22396,13:40:05,113.390671,23.154751,0
22396,13:40:45,113.38353,23.1541,0
22396,13:41:25,113.377419,23.153683,0
22396,13:41:33,113.376167,23.153883,0
22396,13:42:05,113.372215,23.1562,0
22396,13:42:45,113.368286,23.159718,0
22396,13:43:25,113.36615,23.161699,0
22396,13:44:05,113.36615,23.161699,0
22396,13:44:45,113.36615,23.161682,0
22396,13:45:25,113.366066,23.161766,0
22396,13:46:05,113.360367,23.165167,0
22396,13:46:45,113.352219,23.16675,0
22396,13:46:53,113.350548,23.166918,0
22396,13:47:25,113.343864,23.169518,0
22396,13:48:05,113.335815,23.173218,0
22396,13:48:45,113.32663,23.171717,0
22396,13:48:53,113.324951,23.170967,0
22396,13:49:25,113.319099,23.167517,0
22396,13:50:05,113.311684,23.167067,0
22396,13:50:45,113.303665,23.1635,0
22396,13:51:25,113.296036,23.161501,0
22396,13:52:05,113.289146,23.162132,0
22396,13:54:13,113.272385,23.1625,0
22396,13:54:53,113.271019,23.162382,0
22396,13:55:33,113.269852,23.161783,0
22396,13:56:13,113.268517,23.161501,0
22396,13:56:53,113.266014,23.161034,0
22396,13:57:33,113.265915,23.163168,0
22396,13:58:13,113.267487,23.1667,0
22396,13:58:53,113.269081,23.173117,0
22396,13:59:33,113.271301,23.178101,0
22396,13:59:41,113.271797,23.178783,0
22396,14:01:01,113.268333,23.183201,0
22396,14:02:13,113.26992,23.18745,0
22396,14:04:21,113.274017,23.186434,0
22396,14:04:53,113.275269,23.18825,0
22396,14:05:01,113.27552,23.188717,0
22396,14:06:13,113.279533,23.197599,0
22396,14:06:53,113.281685,23.200968,0
22396,14:07:33,113.281784,23.201967,0
22396,14:08:13,113.28125,23.200167,0
22396,14:08:53,113.281136,23.199833,0
22396,14:09:33,113.280098,23.19845,0
22396,14:10:13,113.279282,23.197617,0
22396,14:10:53,113.277733,23.194767,0
22396,14:11:33,113.27655,23.191517,0
22396,14:12:13,113.274719,23.188084,0
22396,14:13:01,113.274902,23.188917,0
22396,14:13:33,113.274879,23.188917,0
22396,14:14:13,113.274849,23.188883,0
22396,14:14:53,113.274582,23.187799,0
22396,14:15:33,113.274414,23.187433,0
22396,14:15:41,113.274414,23.187433,0
22396,14:16:53,113.274353,23.187401,0
22396,14:17:33,113.27433,23.187366,0
22396,14:17:41,113.27433,23.187366,0
22396,14:18:53,113.273621,23.1852,0
22396,14:19:33,113.272415,23.18125,0
22396,14:20:13,113.271652,23.17905,0
22396,14:20:53,113.270981,23.17795,0
22396,14:21:01,113.270599,23.177433,0
22396,14:22:13,113.270134,23.1766,0
22396,14:22:53,113.269363,23.174667,0
22396,14:23:33,113.268517,23.171133,0
22396,14:24:13,113.267281,23.166634,0
22396,14:24:53,113.265602,23.16325,0
22396,14:25:01,113.265335,23.162649,0
22396,14:26:13,113.263466,23.161249,0
22396,14:26:53,113.260719,23.161432,0
22396,14:27:33,113.256699,23.162867,0
22396,14:27:41,113.255798,23.163282,0
22396,14:28:53,113.256783,23.162817,0
22396,14:29:33,113.259354,23.1618,0
22396,14:29:41,113.259735,23.161734,0
22396,14:30:53,113.265617,23.161083,0
22396,14:31:33,113.266518,23.160982,0
22396,14:32:13,113.266968,23.160851,0
22396,14:32:53,113.267151,23.160883,0
22396,14:33:33,113.267166,23.160732,0
22396,14:34:13,113.267181,23.160316,0
22396,14:34:53,113.267303,23.1604,0
22396,14:35:33,113.267334,23.1604,0
22396,14:36:13,113.267349,23.160351,0
22396,14:36:53,113.267403,23.1604,0
22396,14:37:33,113.267418,23.1604,0
22396,14:38:13,113.267349,23.160418,0
22396,14:42:05,113.26738,23.160366,0
22396,14:42:13,113.26738,23.160366,0
22396,14:42:53,113.26738,23.160418,0
22396,14:43:33,113.267181,23.160767,0
22396,14:44:13,113.267181,23.160749,0
22396,14:44:53,113.267151,23.160767,0
22396,14:45:33,113.267151,23.160784,0
22396,14:46:13,113.267181,23.160784,0
22396,14:46:53,113.267197,23.160784,0
22396,14:47:33,113.267181,23.160767,0
22396,14:48:13,113.267181,23.160801,0
22396,14:48:53,113.267166,23.160801,0
22396,14:49:33,113.267151,23.160784,0
22396,14:50:13,113.267166,23.160784,0
22396,14:50:53,113.267235,23.160784,0
22396,14:51:33,113.267235,23.160801,0
22396,14:52:13,113.267235,23.160801,0
22396,14:52:53,113.26722,23.160784,0
22396,14:53:33,113.267136,23.160749,0
22396,14:54:13,113.267136,23.160767,0
22396,14:54:53,113.267082,23.160732,0
22396,14:55:33,113.26712,23.160732,0
22396,14:56:13,113.267136,23.160749,0
22396,14:56:21,113.267136,23.160749,0
22396,14:56:53,113.26712,23.160749,0
22396,14:57:33,113.267097,23.160749,0
22396,14:58:13,113.26712,23.160784,0
22396,14:58:53,113.267151,23.160801,0
22396,14:59:33,113.267181,23.160801,0
22396,15:00:13,113.26725,23.160767,0
22396,15:00:53,113.26722,23.160816,0
22396,15:01:33,113.26722,23.160833,0
22396,15:02:13,113.267197,23.160833,0
22396,15:02:53,113.267166,23.160816,0
22396,15:03:33,113.267181,23.160868,0
22396,15:04:13,113.267136,23.160833,0
22396,15:04:53,113.267166,23.160816,0
22396,15:05:33,113.267197,23.160851,0
22396,15:06:13,113.267151,23.160851,0
22396,15:06:53,113.267166,23.160833,0
22396,15:07:33,113.267166,23.160816,0
22396,15:08:13,113.267181,23.160784,0
22396,15:08:53,113.267136,23.160816,0
22396,15:09:33,113.267334,23.160917,0
22396,15:10:13,113.267403,23.160833,0
22396,15:10:53,113.267418,23.1609,0
22396,15:11:33,113.267418,23.160883,0
22396,15:12:13,113.267403,23.16095,0
22396,15:12:53,113.267433,23.1609,0
22396,15:13:33,113.267403,23.160933,0
22396,15:14:13,113.267418,23.160917,0
22396,15:14:53,113.267982,23.1609,0
22396,15:15:33,113.26992,23.161383,0
22396,15:16:13,113.274429,23.162184,0
22396,15:16:21,113.275497,23.162067,0
22396,15:17:43,113.286385,23.162018,0
22396,15:18:13,113.292519,23.161568,0
22396,15:18:53,113.298935,23.162001,0
22396,15:19:33,113.306068,23.164101,0
22396,15:20:15,113.314201,23.167334,0
22396,15:20:55,113.322266,23.16905,0
22396,15:21:35,113.3311,23.17275,0
22396,15:21:43,113.333015,23.173117,0
22396,15:22:15,113.339882,23.17145,0
22396,15:22:55,113.348648,23.167316,0
22396,15:23:03,113.350716,23.166817,0
22396,15:24:15,113.367134,23.160534,0
22396,15:24:55,113.373337,23.155001,0
22396,15:25:35,113.381218,23.153717,0
22396,15:25:43,113.383064,23.153816,0
22396,15:26:15,113.387451,23.1542,0
22396,15:26:23,113.387581,23.1542,0
22396,15:26:55,113.389931,23.153767,0
22396,15:27:36,113.392937,23.153099,0
22396,15:28:16,113.396515,23.155149,0
22396,15:28:56,113.402,23.156767,0
22396,15:29:36,113.410217,23.159367,0
22396,15:30:16,113.418831,23.161066,0
22396,15:30:56,113.428917,23.161551,0
22396,15:31:36,113.438965,23.161383,0
22396,15:31:44,113.441002,23.161301,0
22396,15:32:16,113.448334,23.160482,0
22396,15:32:24,113.450165,23.160217,0
22396,15:33:36,113.464401,23.157932,0
22396,15:33:44,113.466118,23.157566,0
22396,15:34:56,113.479515,23.153183,0
22396,15:35:36,113.485031,23.150566,0
22396,15:36:16,113.483299,23.152866,0
22396,15:36:56,113.486053,23.15675,0
22396,15:37:36,113.490364,23.159517,0
22396,15:38:16,113.489616,23.163851,0
22396,15:38:56,113.489334,23.170033,0
22396,15:39:36,113.48793,23.174183,0
22396,15:39:44,113.48793,23.174168,0
22396,15:40:56,113.486084,23.183582,0
22396,15:41:36,113.48568,23.191732,0
22396,15:42:17,113.489235,23.194418,0
22396,15:43:37,113.502182,23.189734,0
22396,15:44:17,113.511765,23.188017,0
22396,15:44:25,113.513901,23.187767,0
22396,15:45:37,113.532715,23.187599,0
22396,15:46:57,113.549118,23.187433,0
22396,15:48:17,113.566879,23.180134,0
22396,15:48:57,113.574081,23.173634,0
22396,15:49:37,113.581482,23.167534,0
22396,15:50:25,113.593536,23.163799,0
22396,15:51:37,113.610886,23.166983,0
22396,15:52:17,113.619347,23.169117,0
22396,15:52:57,113.628067,23.171749,0
22396,15:53:37,113.637581,23.17695,0
22396,15:53:45,113.639381,23.177999,0
22396,15:54:17,113.647064,23.181633,0
22396,15:54:57,113.657516,23.184868,0
22396,15:55:37,113.667168,23.189016,0
22396,15:56:17,113.676018,23.193417,0
22396,15:56:57,113.686951,23.194717,0
22396,15:57:37,113.697502,23.194117,0
22396,15:58:17,113.70787,23.195101,0
22396,15:58:57,113.715881,23.1964,0
22396,15:59:37,113.722633,23.19755,0
22396,16:00:17,113.730415,23.198851,0
22396,16:00:57,113.73848,23.200233,0
22396,16:01:37,113.747704,23.20265,0
22396,16:02:17,113.756783,23.2062,0
22396,16:02:57,113.764748,23.209517,0
22396,16:03:37,113.772903,23.212784,0
22396,16:04:17,113.776947,23.213882,0
22396,16:04:57,113.776932,23.213949,0
22396,16:05:37,113.780434,23.212601,0
22396,16:06:17,113.776787,23.205851,0
22396,16:06:57,113.772079,23.197268,0
22396,16:07:37,113.770287,23.187317,0
22396,16:08:17,113.771751,23.178316,0
22396,16:08:57,113.774414,23.168966,0
22396,16:09:37,113.778786,23.160233,0
22396,16:10:17,113.783852,23.151501,0
22396,16:10:57,113.78833,23.142567,0
22396,16:11:37,113.790421,23.132851,0
22396,16:12:17,113.789917,23.123367,0
22396,16:12:57,113.788864,23.112833,0
22396,16:13:37,113.787903,23.102768,0
22396,16:14:17,113.790619,23.093184,0
22396,16:14:57,113.792953,23.083282,0
22396,16:15:37,113.799797,23.076616,0
22396,16:16:17,113.8097,23.073933,0
22396,16:16:57,113.814751,23.065599,0
22396,16:17:37,113.819481,23.056217,0
22396,16:18:17,113.819153,23.046383,0
22396,16:18:57,113.811813,23.038816,0
22396,16:19:37,113.811752,23.028618,0
22396,16:20:17,113.813866,23.018667,0
22396,16:20:25,113.814751,23.016832,0
22396,16:21:37,113.822815,23.000116,0
22396,16:22:25,113.828186,22.988916,0
22396,16:23:37,113.836716,22.973949,0
22396,16:24:17,113.843849,22.96925,0
22396,16:24:57,113.852318,22.964333,0
22396,16:25:05,113.853966,22.963367,0
22396,16:25:37,113.860001,22.959749,0
22396,16:26:17,113.86657,22.955282,0
22396,16:27:05,113.875214,22.949284,0
22396,16:28:17,113.887131,22.93745,0
22396,16:28:57,113.892616,22.929632,0
22396,16:29:37,113.898018,22.921783,0
22396,16:30:17,113.904083,22.91325,0
22396,16:30:57,113.911613,22.9056,0
22396,16:31:05,113.913315,22.904249,0
22396,16:32:17,113.926949,22.894033,0
22396,16:32:57,113.936401,22.891132,0
22396,16:33:37,113.945015,22.888416,0
22396,16:34:17,113.953049,22.883766,0
22396,16:34:57,113.961479,22.878134,0
22396,16:35:37,113.971115,22.87385,0
22396,16:36:17,113.976349,22.866632,0
22396,16:36:57,113.98175,22.858168,0
22396,16:37:37,113.984314,22.850849,0
22396,16:38:17,113.992203,22.84445,0
22396,16:38:57,114.000053,22.837667,0
22396,16:39:37,114.006317,22.830584,0
22396,16:40:17,114.011047,22.823,0
22396,16:40:57,114.016815,22.818001,0
22396,16:41:37,114.025352,22.814617,0
22396,16:42:17,114.033401,22.80945,0
22396,16:42:57,114.037201,22.801033,0
22396,16:43:37,114.037186,22.791201,0
22396,16:44:17,114.03717,22.781866,0
22396,16:44:57,114.036217,22.773233,0
22396,16:45:37,114.032021,22.768566,0
22396,16:46:17,114.029099,22.7626,0
22396,16:47:41,114.024597,22.742718,0
22396,16:48:17,114.029114,22.735216,0
22396,16:48:57,114.036736,22.72805,0
22396,16:49:37,114.041969,22.719534,0
22396,16:50:17,114.045998,22.711468,0
22396,16:50:25,114.046631,22.709801,0
22396,16:50:57,114.049004,22.702749,0
22396,16:51:05,114.049454,22.701384,0
22396,16:51:37,114.050186,22.696917,0
22396,16:52:17,114.048752,22.687834,0
22396,16:52:57,114.041847,22.683983,0
22396,16:53:37,114.036285,22.684151,0
22396,16:54:17,114.033051,22.684084,0
22396,16:54:57,114.031403,22.684,0
22396,16:55:05,114.030769,22.684017,0
22396,16:55:37,114.029015,22.684134,0
22396,16:56:17,114.028534,22.684299,0
22396,16:56:57,114.02845,22.684349,0
22396,16:57:05,114.02845,22.684334,0
22396,16:57:37,114.028214,22.684668,0
22396,16:58:17,114.028183,22.684732,0
22396,17:00:57,114.029503,22.684982,0
22396,17:01:37,114.029564,22.6845,0
22396,17:01:45,114.029587,22.684401,0
22396,17:02:17,114.029617,22.684168,0
22396,17:02:25,114.029617,22.684116,0
22396,17:02:57,114.029633,22.683849,0
22396,17:03:05,114.029648,22.683617,0
22396,17:03:37,114.02977,22.68305,0
22396,17:03:45,114.029816,22.682882,0
22396,17:04:17,114.030083,22.682318,0
22396,17:04:57,114.030319,22.681801,0
22396,17:05:37,114.030434,22.681683,0
22396,17:05:45,114.030464,22.68165,0
22396,17:06:17,114.030533,22.681601,0
22396,17:06:25,114.030586,22.681583,0
22396,17:06:57,114.030617,22.681549,0
22396,17:07:05,114.030632,22.681549,0
22396,17:07:37,114.030815,22.681383,0
22396,17:07:45,114.030815,22.681368,0
22396,17:08:17,114.031937,22.68095,0
22396,17:08:25,114.032166,22.680201,0
22396,17:08:57,114.031754,22.679251,0
22396,17:09:05,114.031616,22.6789,0
22396,17:09:37,114.031868,22.677683,0
22396,17:09:45,114.032333,22.677584,0
22396,17:10:17,114.034203,22.676649,0
22396,17:10:57,114.035484,22.675966,0
22396,17:11:37,114.034103,22.672417,0
22396,17:12:17,114.032654,22.669367,0
22396,17:12:57,114.031067,22.666683,0
22396,17:13:37,114.029236,22.663767,0
22396,17:14:17,114.026451,22.661449,0
22396,17:18:53,114.026535,22.661833,0
22396,17:18:57,114.026535,22.66185,0
22396,17:19:37,114.025764,22.660583,0
22396,17:19:45,114.025269,22.660299,0
22396,17:20:17,114.023331,22.659218,0
22396,17:20:25,114.022797,22.65885,0
22396,17:20:57,114.022766,22.6588,0
22396,17:21:37,114.022781,22.658751,0
22396,17:22:17,114.022453,22.6586,0
22396,17:22:57,114.018913,22.65575,0
22396,17:23:37,114.018898,22.6558,0
22396,17:24:17,114.018883,22.655817,0
22396,17:24:57,114.018333,22.655333,0
22396,17:25:37,114.016563,22.654133,0
22396,17:25:45,114.016548,22.654133,0
22396,17:26:17,114.016548,22.654133,0
22396,17:26:25,114.01638,22.654016,0
22396,17:27:37,114.011269,22.650467,0
22396,17:28:17,114.010284,22.650249,0
22396,17:28:57,114.007317,22.653868,0
22396,17:29:37,114.006752,22.65465,0
22396,17:30:17,114.006737,22.654682,0
22396,17:30:57,114.006752,22.654682,0
22396,17:31:37,114.006714,22.654667,0
22396,17:36:37,114.006767,22.654734,0
22396,17:39:29,114.006783,22.654617,0
22396,17:39:57,114.006767,22.654617,0
22396,17:40:37,114.006767,22.654617,0
22396,17:41:17,114.006798,22.654617,0
22396,17:41:57,114.006752,22.654633,0
22396,17:42:05,114.006767,22.654633,0
22396,17:43:17,114.006783,22.654633,0
22396,17:43:57,114.006783,22.654682,0
22396,17:44:37,114.006767,22.654682,0
22396,17:45:17,114.006233,22.6553,0
22396,17:45:57,114.004898,22.656384,0
22396,17:46:37,114.004066,22.655567,1
22396,17:47:17,114.002029,22.656782,1
22396,17:47:57,113.99958,22.660217,1
22396,17:48:37,114.000099,22.661818,1
22396,17:48:45,114.001152,22.661516,1
22396,17:49:17,114.004715,22.661016,1
22396,17:49:57,114.006599,22.660933,1
22396,17:50:05,114.006699,22.660933,1
22396,17:51:17,114.009666,22.662233,1
22396,17:51:57,114.01017,22.662582,1
22396,17:52:37,114.01088,22.663183,1
22396,17:53:17,114.012398,22.664433,1
22396,17:53:57,114.013985,22.665533,1
22396,17:54:37,114.015465,22.6658,1
22396,17:55:17,114.015533,22.665833,1
22396,17:55:57,114.01815,22.6667,1
22396,17:56:37,114.020035,22.667967,1
22396,17:56:45,114.020416,22.668249,1
22396,17:57:17,114.020653,22.668533,1
22396,17:57:57,114.02063,22.66855,1
22396,17:58:05,114.020653,22.66855,1
22396,17:59:17,114.020737,22.668533,1
22396,17:59:57,114.02227,22.669634,1
22396,18:00:05,114.02285,22.670067,1
22396,18:00:37,114.02433,22.671167,1
22396,18:01:17,114.024315,22.67115,1
22396,18:01:57,114.02433,22.671183,1
22396,18:02:05,114.024353,22.671183,1
22396,18:02:37,114.024269,22.67235,1
22396,18:02:45,114.023903,22.673018,1
22396,18:03:57,114.025368,22.674833,1
22396,18:04:37,114.025467,22.674732,0
22396,18:05:19,114.026184,22.673733,1
22396,18:05:59,114.026215,22.673717,1
22396,18:06:39,114.026215,22.6737,1
22396,18:06:45,114.02623,22.6737,1
22396,18:07:19,114.02652,22.673067,1
22396,18:07:59,114.026337,22.672733,1
22396,18:08:39,114.026131,22.6726,1
22396,18:08:45,114.02607,22.67255,1
22396,18:09:19,114.02578,22.6723,1
22396,18:09:59,114.025719,22.672268,1
22396,18:10:07,114.025719,22.672268,1
22396,18:10:39,114.025734,22.672268,1
22396,18:10:47,114.025734,22.672268,1
22396,18:11:59,114.024948,22.671682,1
22396,18:12:07,114.024879,22.671633,1
22396,18:13:19,114.024918,22.67165,1
22396,18:13:27,114.024918,22.67165,1
22396,18:13:59,114.024902,22.671633,1
22396,18:14:07,114.024902,22.671633,1
22396,18:21:19,114.025581,22.660233,1
22396,18:21:59,114.025917,22.660482,0
22396,18:22:39,114.027901,22.661301,0
22396,18:23:19,114.030029,22.659082,0
22396,18:23:27,114.029747,22.65885,0
22396,18:23:59,114.028366,22.657801,0
22396,18:24:39,114.02803,22.657482,0
22396,18:25:19,114.028366,22.65785,0
22396,18:25:59,114.030067,22.659067,0
22396,18:26:39,114.030098,22.659134,0
22396,18:26:47,114.030113,22.659149,0
22396,18:27:19,114.030167,22.659134,0
22396,18:28:39,114.03405,22.661249,0
22396,18:28:47,114.034401,22.661449,0
22396,18:29:19,114.037285,22.663033,0
22396,18:29:29,114.037285,22.663033,0
22396,18:29:59,114.03788,22.663967,0
22396,18:30:07,114.037514,22.664883,0
22396,18:30:39,114.037865,22.6689,0
22396,18:31:19,114.038216,22.669849,0
22396,18:31:27,114.038231,22.669849,0
22396,18:31:59,114.039268,22.672783,0
22396,18:32:07,114.039703,22.673883,0
22396,18:32:39,114.042213,22.674583,0
22396,18:32:47,114.042816,22.674717,0
22396,18:33:19,114.045715,22.673668,0
22396,18:33:27,114.046448,22.672817,0
22396,18:33:59,114.047981,22.670683,0
22396,18:34:39,114.048019,22.67065,1
22396,18:35:19,114.047867,22.671066,1
22396,18:35:59,114.045219,22.674316,1
22396,18:36:07,114.04483,22.6747,1
22396,18:36:39,114.044479,22.67485,1
22396,18:37:19,114.0411,22.674667,1
22396,18:37:59,114.041,22.674633,1
22396,18:38:07,114.041016,22.674633,1
22396,18:39:19,114.040298,22.674618,1
22396,18:39:59,114.040298,22.67465,1
22396,18:40:39,114.040298,22.67465,1
22396,18:41:19,114.039185,22.672916,1
22396,18:41:27,114.038734,22.671766,1
22396,18:42:39,114.038185,22.6703,1
22396,18:42:47,114.038033,22.669884,1
22396,18:43:19,114.037117,22.665649,1
22396,18:43:59,114.034851,22.6618,1
22396,18:44:39,114.033852,22.661234,1
22396,18:45:19,114.030701,22.659582,1
22396,18:45:59,114.029648,22.659983,1
22396,18:46:07,114.029648,22.659983,1
22396,18:46:39,114.02887,22.660683,1
22396,18:46:47,114.028847,22.660683,1
22396,18:47:19,114.028717,22.660833,1
22396,18:47:27,114.028549,22.661016,1
22396,18:47:59,114.028519,22.661051,0
22396,18:48:39,114.028152,22.661367,0
22396,18:49:19,114.027847,22.661617,0
22396,18:49:59,114.02787,22.661617,0
22396,18:50:39,114.027885,22.661583,0
22396,18:51:19,114.026833,22.661467,0
22396,18:51:59,114.025497,22.6604,1
22396,18:52:07,114.02523,22.660267,1
22396,18:53:19,114.022682,22.658466,1
22396,18:53:59,114.02243,22.658251,1
22396,18:54:39,114.01947,22.656082,1
22396,18:54:47,114.019234,22.655817,1
22396,18:55:19,114.018867,22.655649,1
22396,18:55:59,114.016647,22.654051,1
22396,18:56:39,114.016449,22.654167,1
22396,18:56:47,114.016403,22.654167,1
22396,18:57:19,114.01638,22.654249,1
22396,18:57:59,114.014954,22.652834,1
22396,18:58:39,114.012215,22.650932,1
22396,18:59:19,114.010048,22.649483,1
22396,18:59:59,114.00708,22.64975,1
22396,19:00:39,114.003952,22.653967,1
22396,19:00:47,114.003769,22.654182,1
22396,19:01:19,114.0037,22.654249,1
22396,19:01:59,114.003349,22.654716,1
22396,19:02:39,114.003365,22.654716,1
22396,19:03:19,114.003365,22.654699,1
22396,19:03:59,114.00338,22.654716,1
22396,19:04:39,114.001831,22.654617,1
22396,19:05:19,114.001381,22.654383,1
22396,19:05:59,114.000732,22.6542,0
22396,19:06:39,114.002884,22.65485,1
22396,19:07:19,114.0028,22.654867,1
22396,19:07:59,114.003067,22.655233,1
22396,19:08:39,114.000153,22.6593,1
22396,19:09:19,114.000252,22.661783,1
22396,19:09:27,114.001236,22.661484,1
22396,19:10:39,114.002647,22.661133,1
22396,19:11:19,114.007065,22.66095,1
22396,19:11:59,114.007751,22.66095,1
22396,19:12:07,114.007751,22.660967,1
22396,19:13:19,114.007713,22.660967,1
22396,19:13:59,114.009018,22.661699,1
22396,19:14:39,114.011017,22.663267,1
22396,19:15:19,114.011017,22.66325,1
22396,19:15:59,114.0131,22.664883,1
22396,19:16:07,114.013847,22.665434,1
22396,19:16:39,114.016602,22.666082,1
22396,19:16:47,114.01722,22.666233,1
22396,19:17:59,114.021202,22.668818,1
22396,19:18:07,114.021935,22.669367,1
22396,19:18:39,114.024117,22.670967,1
22396,19:18:47,114.024101,22.67095,1
22396,19:19:59,114.025703,22.672016,1
22396,19:20:07,114.026253,22.672483,1
22396,19:20:41,114.026497,22.672716,0
22396,19:21:49,114.027184,22.673233,0
22396,19:21:55,114.027481,22.673384,0
22396,19:21:59,114.027618,22.673416,0
22396,19:22:39,114.02845,22.672483,0
22396,19:23:21,114.029167,22.67145,0
22396,19:24:01,114.029381,22.6709,0
22396,19:24:41,114.02903,22.670883,0
22396,19:25:21,114.029068,22.67075,0
22396,19:26:01,114.029053,22.6707,0
22396,19:26:41,114.029053,22.670601,0
22396,19:27:21,114.029449,22.67005,0
22396,19:28:01,114.029053,22.669416,1
22396,19:28:09,114.028717,22.669117,1
22396,19:28:41,114.028252,22.668716,1
22396,19:28:49,114.028168,22.668682,1
22396,19:29:21,114.027702,22.668417,1
22396,19:30:01,114.027649,22.6684,1
22396,19:30:41,114.027664,22.668417,1
22396,19:31:21,114.027649,22.668449,1
22396,19:32:01,114.028732,22.666733,1
22396,19:32:41,114.029404,22.665916,1
22396,19:33:21,114.029968,22.665016,1
22396,19:34:01,114.031036,22.663834,1
22396,19:34:41,114.033203,22.66135,1
22396,19:35:21,114.034218,22.660418,1
22396,19:36:01,114.03672,22.65855,1
22396,19:36:41,114.037247,22.658167,1
22396,19:37:21,114.03862,22.657167,1
22396,19:37:29,114.03875,22.657049,1
22396,19:38:41,114.039452,22.654133,1
22396,19:38:49,114.039116,22.653482,1
22396,19:39:21,114.038551,22.652399,1
22396,19:39:29,114.038567,22.652416,1
22396,19:40:41,114.038567,22.652433,1
22396,19:41:21,114.039452,22.651817,1
22396,19:42:01,114.042282,22.65065,1
22396,19:42:41,114.042015,22.649517,1
22396,19:43:21,114.042114,22.649166,1
22396,19:44:01,114.041229,22.647833,1
22396,19:44:41,114.040115,22.645884,1
22396,19:45:21,114.036034,22.647266,1
22396,19:45:29,114.035553,22.646917,1
22396,19:46:41,114.033264,22.642267,1
22396,19:46:49,114.033218,22.642134,1
22396,19:47:21,114.032516,22.639999,1
22396,19:47:29,114.032204,22.6392,1
22396,19:48:41,114.031769,22.63695,1
22396,19:49:21,114.031754,22.636717,1
22396,19:50:01,114.031868,22.635851,1
22396,19:50:41,114.031914,22.635767,1
22396,19:50:49,114.031914,22.635767,1
22396,19:52:01,114.029968,22.634884,1
22396,19:52:41,114.022331,22.636967,1
22396,19:52:49,114.020653,22.637449,1
22396,19:53:21,114.016884,22.638582,1
22396,19:53:29,114.016151,22.638884,1
22396,19:54:41,114.010429,22.64485,1
22396,19:55:21,114.008881,22.647249,1
22396,19:56:49,114.003998,22.654051,1
22396,19:58:01,114.003853,22.654266,1
22396,19:58:41,114.00367,22.654533,1
22396,19:59:21,114.003853,22.655434,1
22396,20:00:01,114.005066,22.656967,1
22396,20:00:41,114.005165,22.658617,1
22396,20:00:49,114.005402,22.658533,1
22396,20:02:01,114.007599,22.658817,1
22396,20:02:09,114.007835,22.658983,1
22396,20:03:21,114.011086,22.656782,1
22396,20:03:29,114.011566,22.656082,1
22396,20:04:01,114.011818,22.65575,1
22396,20:04:41,114.012886,22.655817,1
22396,20:05:21,114.014366,22.656651,1
22396,20:05:29,114.014618,22.656782,1
22396,20:06:01,114.015198,22.65695,1
22396,20:06:41,114.01535,22.656851,1
22396,20:07:21,114.015533,22.657049,1
22396,20:08:01,114.015533,22.657183,1
22396,20:08:41,114.015549,22.6572,1
22396,20:09:21,114.016418,22.657801,0
22396,20:10:01,114.01638,22.657784,0
22396,20:10:09,114.016479,22.657801,0
22396,20:12:18,114.020218,22.656467,1
22396,20:12:54,114.022964,22.657633,1
22396,20:13:00,114.023499,22.657017,1
22396,20:13:34,114.02462,22.655718,1
22396,20:14:14,114.02533,22.655567,1
22396,20:14:22,114.02533,22.655582,1
22396,20:17:06,114.03495,22.655268,1
22396,20:17:12,114.035332,22.654934,1
22396,20:17:46,114.035416,22.654882,1
22396,20:18:24,114.035431,22.6549,1
22396,20:19:04,114.035568,22.654783,1
22396,20:19:44,114.037384,22.653099,1
22396,20:20:24,114.037682,22.652849,1
22396,20:21:04,114.03772,22.652834,0
22396,20:21:46,114.037918,22.652617,1
22396,20:22:26,114.03817,22.652384,1
22396,20:23:06,114.037498,22.650417,1
22396,20:23:46,114.03582,22.6476,1
22396,20:24:26,114.03228,22.648666,1
22396,20:24:34,114.032585,22.649349,1
22396,20:25:06,114.035187,22.653267,1
22396,20:25:14,114.035484,22.654034,1
22396,20:25:46,114.035553,22.6542,1
22396,20:25:54,114.035553,22.6542,1
22396,20:26:26,114.03553,22.6542,1
22396,20:26:34,114.035553,22.654249,1
22396,20:27:46,114.038284,22.661484,1
22396,20:28:26,114.037315,22.666817,1
22396,20:29:06,114.039131,22.672483,1
22396,20:29:46,114.042435,22.674667,1
22396,20:30:26,114.045547,22.673817,1
22396,20:31:06,114.048019,22.67065,1
22396,20:31:14,114.048019,22.670633,1
22396,20:32:26,114.048103,22.670532,0
22396,20:33:06,114.047699,22.670183,0
22396,20:33:46,114.04718,22.670033,0
22396,20:34:26,114.045998,22.668818,0
22396,20:35:06,114.04393,22.669533,0
22396,20:35:46,114.042702,22.670584,0
22396,20:36:26,114.04052,22.6719,0
22396,20:36:34,114.040421,22.672001,0
22396,20:37:06,114.039597,22.673883,0
22396,20:37:46,114.039764,22.674316,0
22396,20:38:26,114.039803,22.674316,0
22396,20:39:06,114.039818,22.674316,0
22396,20:39:14,114.039818,22.674316,0
22396,20:40:26,114.03743,22.668318,0
22396,20:40:34,114.037148,22.6675,0
22396,20:41:06,114.037537,22.664034,0
22396,20:41:46,114.03775,22.6635,0
22396,20:41:54,114.03775,22.6635,0
22396,20:43:06,114.03727,22.6584,0
22396,20:43:14,114.037201,22.658266,0
22396,20:43:46,114.039116,22.657049,0
22396,20:43:54,114.039452,22.656866,0
22396,20:44:26,114.039818,22.654818,0
22396,20:45:06,114.038597,22.652433,0
22396,20:45:46,114.038582,22.652433,0
22396,20:46:26,114.038582,22.652433,0
22396,20:47:06,114.040916,22.6513,0
22396,20:47:46,114.043236,22.650467,0
22396,20:48:26,114.046082,22.647034,0
22396,20:49:06,114.046318,22.645384,0
22396,20:49:46,114.046082,22.645201,0
22396,20:50:26,114.043419,22.6446,0
22396,20:51:06,114.04052,22.645617,0
22396,20:51:46,114.036552,22.647133,0
22396,20:52:26,114.036148,22.6472,0
22396,20:53:06,114.034149,22.644367,0
22396,20:54:26,114.033531,22.643267,0
22396,20:55:06,114.033432,22.643,0
22396,20:55:14,114.033279,22.642584,0
22396,20:55:46,114.032402,22.6402,0
22396,20:55:54,114.032303,22.640051,0
22396,20:56:26,114.032333,22.640034,0
22396,20:56:34,114.03228,22.63995,0
22396,20:57:46,114.031784,22.636749,0
22396,20:58:26,114.030647,22.634649,0
22396,20:58:34,114.029335,22.63505,0
22396,20:59:06,114.023003,22.636784,0
22396,20:59:46,114.016914,22.63855,0
22396,20:59:54,114.016014,22.638918,0
22396,21:01:06,114.009331,22.646601,0
22396,21:01:46,114.008652,22.6476,0
22396,21:02:26,114.007515,22.649033,0
22396,21:03:06,114.004166,22.653749,0
22396,21:03:14,114.003616,22.654568,0
22396,21:03:46,114.001503,22.65745,0
22396,21:04:26,113.998199,22.661949,0
22396,21:05:06,113.996101,22.663868,0
22396,21:05:46,113.994431,22.665751,0
22396,21:06:26,113.997086,22.669317,0
22396,21:07:06,113.997047,22.669283,0
22396,21:07:46,113.997047,22.669317,0
22396,21:08:26,113.99707,22.669718,0
22396,21:09:06,113.993835,22.673567,0
22396,21:09:46,113.993782,22.673866,0
22396,21:10:26,113.992882,22.676201,0
22396,21:11:06,113.991135,22.680517,0
22396,21:11:14,113.990799,22.6814,0
22396,21:11:46,113.98912,22.685217,0
22396,21:12:26,113.987335,22.689133,0
22396,21:13:06,113.986816,22.692133,0
22396,21:13:14,113.986847,22.692133,0
22396,21:13:46,113.986366,22.692867,0
22396,21:14:26,113.981934,22.692867,0
22396,21:15:06,113.978233,22.692949,1
22396,21:15:46,113.978149,22.693001,1
22396,21:16:26,113.979431,22.692818,0
22396,21:17:06,113.982933,22.692801,0
22396,21:17:14,113.983582,22.692818,0
22396,21:17:46,113.986481,22.692751,0
22396,21:17:54,113.986687,22.69265,0
22396,21:19:14,113.988831,22.685432,1
22396,21:20:26,113.988785,22.685516,1
22396,21:20:34,113.988785,22.685516,1
22396,21:21:06,113.989799,22.683233,1
22396,21:21:46,113.99115,22.680082,1
22396,21:22:26,113.992821,22.675934,1
22396,21:23:06,113.993782,22.673433,1
22396,21:23:54,113.996933,22.669666,1
22396,21:24:26,113.996948,22.669683,1
22396,21:25:06,113.996948,22.669718,1
22396,21:25:46,113.997269,22.669367,1
22396,21:26:26,114.000801,22.666367,1
22396,21:26:34,114.001419,22.665501,1
22396,21:27:48,114.005714,22.660967,1
22396,21:27:56,114.006165,22.660982,1
22396,21:29:08,114.009552,22.662033,1
22396,21:29:48,114.011047,22.663183,1
22396,21:30:28,114.013382,22.665133,1
22396,21:31:08,114.017715,22.666367,1
22396,21:31:48,114.021301,22.668333,1
22396,21:31:56,114.02195,22.667732,1
22396,21:32:28,114.023781,22.6661,1
22396,21:33:08,114.023918,22.666166,1
22396,21:33:48,114.025383,22.664267,1
22396,21:34:28,114.027252,22.662018,1
22396,21:35:08,114.027229,22.662018,1
22396,21:35:48,114.027229,22.662033,1
22396,21:35:56,114.027252,22.662033,1
22396,21:37:08,114.029137,22.660351,1
22396,21:37:48,114.029816,22.659733,1
22396,21:37:56,114.029816,22.659733,1
22396,21:38:28,114.030602,22.65905,1
22396,21:38:36,114.031181,22.658518,1
22396,21:39:48,114.035187,22.655117,1
22396,21:39:56,114.035454,22.654882,1
22396,21:40:28,114.035416,22.654867,1
22396,21:40:36,114.0354,22.65485,1
22396,21:41:48,114.035416,22.654867,1
22396,21:42:28,114.036613,22.6567,1
22396,21:42:36,114.037086,22.6577,1
22396,21:43:48,114.040115,22.6558,0
22396,21:44:28,114.037804,22.652733,0
22396,21:44:36,114.03743,22.653032,0
22396,21:45:48,114.035896,22.654449,0
22396,21:46:28,114.034164,22.656033,0
22396,21:46:36,114.034103,22.656099,0
22396,21:47:08,114.033386,22.656717,1
22396,21:47:48,114.034149,22.655968,1
22396,21:48:28,114.0345,22.652018,1
22396,21:48:36,114.033615,22.650667,1
22396,21:49:08,114.032181,22.648983,1
22396,21:49:48,114.031319,22.648083,1
22396,21:50:28,114.028069,22.645317,1
22396,21:51:16,114.026787,22.64275,1
22396,21:51:48,114.025482,22.639532,1
22396,21:51:56,114.02507,22.638416,1
22396,21:52:28,114.024513,22.637016,1
22396,21:52:36,114.024429,22.636732,1
22396,21:53:16,114.025116,22.632334,1
22396,21:54:28,114.026466,22.626516,1
22396,21:55:08,114.027885,22.622217,1
22396,21:55:48,114.030029,22.617567,1
22396,21:56:28,114.03157,22.6157,1
22396,21:57:08,114.03212,22.615116,1
22396,21:57:48,114.03212,22.615133,1
22396,21:57:56,114.03212,22.615133,1
22396,21:59:08,114.032951,22.615217,1
22396,21:59:16,114.033302,22.615351,1
22396,21:59:48,114.034386,22.615999,1
22396,21:59:56,114.034531,22.616068,1
22396,22:01:08,114.036819,22.617233,1
22396,22:01:48,114.037117,22.617149,1
22396,22:02:28,114.037148,22.617167,1
22396,22:03:08,114.03923,22.618267,1
22396,22:03:16,114.040016,22.618601,1
22396,22:03:48,114.040665,22.618933,1
22396,22:04:28,114.040848,22.619034,1
22396,22:05:08,114.040497,22.619066,1
22396,22:05:48,114.040131,22.61895,1
22396,22:06:28,114.037483,22.617634,0
22396,22:07:08,114.035767,22.616699,1
22396,22:07:16,114.035385,22.61655,1
22396,22:07:48,114.034966,22.616333,1
22396,22:07:56,114.034752,22.616167,1
22396,22:08:28,114.03315,22.615183,1
22396,22:08:36,114.032913,22.615032,1
22396,22:09:48,114.028152,22.62285,1
22396,22:10:28,114.028282,22.623466,1
22396,22:11:08,114.029686,22.623817,1
22396,22:11:48,114.0308,22.624067,1
22396,22:12:28,114.03035,22.626066,1
22396,22:13:08,114.030113,22.62915,1
22396,22:13:48,114.031731,22.630318,1
22396,22:14:28,114.031815,22.630333,1
22396,22:15:08,114.031853,22.63035,1
22396,22:15:16,114.031868,22.630449,1
22396,22:15:48,114.032303,22.632933,1
22396,22:15:56,114.032402,22.63345,1
22396,22:17:08,114.041,22.632668,1
22396,22:17:48,114.041931,22.632566,1
22396,22:18:28,114.042252,22.632517,1
22396,22:19:08,114.042236,22.632601,1
22396,22:19:48,114.045052,22.632032,1
22396,22:19:56,114.046333,22.631767,1
22396,22:20:28,114.051804,22.630333,1
22396,22:21:08,114.059502,22.629433,1
22396,22:21:16,114.061203,22.629583,1
22396,22:21:48,114.065369,22.630167,1
22396,22:22:28,114.065353,22.630167,1
22396,22:23:08,114.065331,22.630167,1
22396,22:23:16,114.065315,22.630167,1
22396,22:24:28,114.065086,22.632868,1
22396,22:25:08,114.064697,22.634083,1
22396,22:25:48,114.06282,22.638582,1
22396,22:25:56,114.062782,22.638866,1
22396,22:26:28,114.063866,22.63975,1
22396,22:31:04,114.062836,22.638968,1
22396,22:31:44,114.06282,22.638983,1
22396,22:32:24,114.062851,22.639017,1
22396,22:33:04,114.061752,22.638884,1
22396,22:33:44,114.059036,22.638166,1
22396,22:34:24,114.058418,22.637833,1
22396,22:35:04,114.057297,22.637117,1
22396,22:35:44,114.056129,22.636316,1
22396,22:36:24,114.055786,22.63615,1
22396,22:37:04,114.055801,22.636118,1
22396,22:37:44,114.055817,22.636084,1
22396,22:38:24,114.053551,22.636417,1
22396,22:39:04,114.049797,22.637833,1
22396,22:39:44,114.047234,22.638268,1
22396,22:40:24,114.045815,22.639418,1
22396,22:41:04,114.045967,22.642599,1
22396,22:41:44,114.046021,22.643383,1
22396,22:42:24,114.044266,22.644283,1
22396,22:43:04,114.040283,22.645767,1
22396,22:43:44,114.040367,22.6457,1
22396,22:44:24,114.036697,22.647051,1
22396,22:45:04,114.032333,22.648518,1
22396,22:45:12,114.032333,22.648518,1
22396,22:45:44,114.032066,22.6486,1
22396,22:45:52,114.031464,22.648983,1
22396,22:46:24,114.029198,22.650682,1
22396,22:46:32,114.029015,22.65085,1
22396,22:47:44,114.02655,22.65345,1
22396,22:48:24,114.024933,22.655416,1
22396,22:49:04,114.023399,22.658684,1
22396,22:54:04,114.024117,22.658867,1
22396,22:54:12,114.024117,22.658867,1
22396,22:59:04,114.024185,22.658934,1
22396,22:59:12,114.024185,22.658934,1
22396,23:04:04,114.024284,22.6591,1
22396,23:13:04,114.024284,22.659018,1
22396,23:13:12,114.024284,22.659018,1
22396,23:14:24,114.024803,22.659782,0
22396,23:14:37,114.024284,22.6591,1
22396,23:15:04,114.027298,22.661501,0
22396,23:15:44,114.029182,22.6602,0
22396,23:16:24,114.030136,22.659451,0
22396,23:16:32,114.030136,22.659451,0
22396,23:17:04,114.030266,22.659267,1
22396,23:17:14,114.030052,22.658966,1
22396,23:17:44,114.028015,22.657551,1
22396,23:18:24,114.025703,22.655733,1
22396,23:19:04,114.024567,22.655067,1
22396,23:19:12,114.024048,22.654617,1
22396,23:19:44,114.021935,22.653,1
22396,23:19:54,114.021599,22.6528,1
22396,23:20:24,114.02108,22.652349,1
22396,23:20:32,114.020683,22.651983,1
22396,23:21:14,114.0187,22.650618,1
22396,23:21:46,114.017036,22.648983,1
22396,23:21:54,114.016518,22.64855,1
22396,23:23:06,114.01825,22.646584,1
22396,23:23:46,114.017769,22.644684,1
22396,23:24:26,114.017586,22.644251,0
22396,23:25:06,114.017067,22.642933,0
22396,23:25:14,114.017067,22.6429,0
22396,23:26:26,114.019798,22.642082,0
22396,23:27:14,114.021698,22.6402,0
22396,23:27:46,114.021553,22.639584,1
22396,23:28:26,114.021233,22.638367,1
22396,23:29:06,114.022247,22.641317,1
22396,23:29:46,114.022636,22.64255,1
22396,23:29:54,114.022903,22.643499,1
22396,23:30:26,114.024269,22.646282,1
22396,23:31:06,114.027466,22.644934,1
22396,23:31:46,114.02977,22.646732,1
22396,23:31:54,114.030914,22.647717,1
22396,23:32:26,114.0317,22.648632,1
22396,23:33:06,114.031982,22.648132,1
22396,23:33:46,114.030449,22.64975,1
22396,23:33:54,114.030235,22.649933,1
22396,23:35:06,114.027748,22.652067,1
22396,23:35:46,114.025169,22.655132,1
22396,23:36:26,114.022949,22.657818,1
22396,23:37:06,114.022766,22.658068,1
22396,23:37:14,114.022781,22.658051,1
22396,23:38:26,114.020821,22.660334,1
22396,23:39:06,114.0196,22.661682,1
22396,23:39:46,114.018768,22.662783,1
22396,23:40:26,114.016731,22.665882,1
22396,23:40:34,114.016167,22.666117,1
22396,23:41:46,114.01162,22.664066,1
22396,23:42:26,114.014053,22.665684,1
22396,23:43:06,114.014999,22.665733,1
22396,23:43:46,114.016014,22.665882,1
22396,23:45:06,114.018967,22.662434,0
22396,23:45:46,114.018913,22.6626,0
22396,23:46:26,114.016983,22.665567,0
22396,23:47:06,114.02018,22.667999,0
22396,23:47:46,114.022003,22.670282,0
22396,23:51:05,114.024498,22.671568,0
22396,23:51:13,114.024368,22.671267,0
22396,23:52:25,114.020615,22.668917,0
22396,23:53:05,114.017967,22.666634,0
22396,23:53:45,114.01693,22.666218,0
22396,23:59:55,114.025253,22.6549,1
